"(Background Information, Full Name)","(Background Information, Position)","(Background Information, Year of Birth)","(Playing Time, MP)","(Playing Time, Starts)","(Playing Time, Min)","(Playing Time, 90s)","(Performance, Gls)","(Performance, Ast)","(Performance, G+A)","(Performance, G-PK)","(Performance, PK)","(Performance, PKatt)","(Performance, CrdY)","(Performance, CrdR)","(Expected, xG)","(Expected, npxG)","(Expected, xAG)","(Expected, npxG+xAG)","(Progression, PrgC)","(Progression, PrgP)","(Progression, PrgR)","(Per 90 Minutes, Gls)","(Per 90 Minutes, Ast)","(Per 90 Minutes, G+A)","(Per 90 Minutes, G-PK)","(Per 90 Minutes, G+A-PK)","(Per 90 Minutes, xG)","(Per 90 Minutes, xAG)","(Per 90 Minutes, xG+xAG)","(Per 90 Minutes, npxG)","(Per 90 Minutes, npxG+xAG)"
Francesco Acerbi,DF,1988.0,20.0,18.0,1642.0,18.2,2.0,1.0,3.0,2.0,0.0,0.0,1.0,0.0,1.0,1.0,1.7,2.7,13.0,54.0,17.0,0.11,0.05,0.16,0.11,0.16,0.06,0.09,0.15,0.06,0.15
Yacine Adli,MF,2000.0,16.0,12.0,994.0,11.0,1.0,0.0,1.0,1.0,0.0,0.0,2.0,0.0,0.3,0.3,0.5,0.8,21.0,83.0,15.0,0.09,0.0,0.09,0.09,0.09,0.03,0.04,0.07,0.03,0.07
Michel Aebischer,MF,1997.0,25.0,17.0,1457.0,16.2,0.0,1.0,1.0,0.0,0.0,0.0,6.0,0.0,0.5,0.5,1.2,1.7,17.0,87.0,31.0,0.0,0.06,0.06,0.0,0.06,0.03,0.07,0.1,0.03,0.1
Lucien Agoume,MF,2002.0,1.0,0.0,5.0,0.1,0.0,0.0,0.0,0.0,0.0,0.0,0.0,0.0,0.0,0.0,0.0,0.0,0.0,0.0,0.0,0.0,0.0,0.0,0.0,0.0,0.0,0.0,0.0,0.0,0.0
Marley Aké,FW,2001.0,1.0,0.0,10.0,0.1,0.0,0.0,0.0,0.0,0.0,0.0,0.0,0.0,0.0,0.0,0.0,0.0,0.0,0.0,0.0,0.0,0.0,0.0,0.0,0.0,0.0,0.0,0.0,0.0,0.0
Ebenezer Akinsanmiro,MF,2004.0,1.0,0.0,15.0,0.2,0.0,0.0,0.0,0.0,0.0,0.0,0.0,0.0,0.0,0.0,0.0,0.0,0.0,2.0,0.0,0.0,0.0,0.0,0.0,0.0,0.0,0.23,0.23,0.0,0.23
Jean-Daniel Akpa-Akpro,MF,1992.0,11.0,3.0,310.0,3.4,0.0,0.0,0.0,0.0,0.0,0.0,3.0,0.0,0.4,0.4,0.1,0.5,1.0,6.0,8.0,0.0,0.0,0.0,0.0,0.0,0.12,0.02,0.14,0.12,0.14
Luis Alberto,MF,1992.0,23.0,22.0,1732.0,19.2,4.0,4.0,8.0,4.0,0.0,0.0,6.0,0.0,3.0,3.0,2.9,5.8,61.0,160.0,83.0,0.21,0.21,0.42,0.21,0.42,0.15,0.15,0.3,0.15,0.3
Carlos Alcaraz,MF,2002.0,3.0,0.0,88.0,1.0,0.0,0.0,0.0,0.0,0.0,0.0,0.0,0.0,0.2,0.2,0.1,0.2,6.0,15.0,3.0,0.0,0.0,0.0,0.0,0.0,0.15,0.08,0.23,0.15,0.23
Pontus Almqvist,FW,1999.0,20.0,18.0,1549.0,17.2,2.0,0.0,2.0,2.0,0.0,0.0,3.0,0.0,1.7,1.7,1.3,3.1,61.0,25.0,111.0,0.12,0.0,0.12,0.12,0.12,0.1,0.08,0.18,0.1,0.18
Lorenzo Amatucci,MF,2004.0,2.0,0.0,22.0,0.2,0.0,0.0,0.0,0.0,0.0,0.0,0.0,0.0,0.0,0.0,0.0,0.0,1.0,2.0,1.0,0.0,0.0,0.0,0.0,0.0,0.04,0.0,0.04,0.04,0.04
Bruno Amione,DF,2002.0,10.0,7.0,579.0,6.4,0.0,0.0,0.0,0.0,0.0,0.0,2.0,0.0,0.3,0.3,0.0,0.3,2.0,17.0,2.0,0.0,0.0,0.0,0.0,0.0,0.05,0.01,0.05,0.05,0.05
Felipe Anderson,FW,1993.0,26.0,23.0,1929.0,21.4,3.0,6.0,9.0,3.0,0.0,0.0,2.0,0.0,2.7,2.7,3.9,6.6,76.0,77.0,159.0,0.14,0.28,0.42,0.14,0.42,0.12,0.18,0.31,0.12,0.31
Angeliño,DF,1997.0,4.0,4.0,261.0,2.9,0.0,0.0,0.0,0.0,0.0,0.0,0.0,0.0,0.0,0.0,0.4,0.4,1.0,6.0,7.0,0.0,0.0,0.0,0.0,0.0,0.0,0.15,0.15,0.0,0.15
Houssem Aouar,MF,1998.0,11.0,5.0,449.0,5.0,2.0,0.0,2.0,2.0,0.0,0.0,3.0,0.0,1.2,1.2,0.3,1.6,12.0,16.0,18.0,0.4,0.0,0.4,0.4,0.4,0.24,0.07,0.31,0.24,0.31
Marko Arnautović,FW,1989.0,18.0,2.0,478.0,5.3,2.0,3.0,5.0,2.0,0.0,0.0,0.0,0.0,3.4,3.4,2.5,5.8,5.0,12.0,49.0,0.38,0.56,0.94,0.38,0.94,0.64,0.46,1.11,0.64,1.11
Kristjan Asllani,MF,2002.0,14.0,2.0,334.0,3.7,0.0,2.0,2.0,0.0,0.0,0.0,1.0,0.0,0.3,0.3,0.8,1.1,1.0,12.0,4.0,0.0,0.54,0.54,0.0,0.54,0.09,0.21,0.3,0.08,0.29
Emil Audero,GK,1997.0,1.0,1.0,90.0,1.0,0.0,0.0,0.0,0.0,0.0,0.0,0.0,0.0,0.0,0.0,0.0,0.0,0.0,0.0,0.0,0.0,0.0,0.0,0.0,0.0,0.0,0.0,0.0,0.0,0.0
Tommaso Augello,DF,1994.0,21.0,17.0,1508.0,16.8,0.0,1.0,1.0,0.0,0.0,0.0,2.0,0.0,0.2,0.2,1.5,1.6,46.0,59.0,73.0,0.0,0.06,0.06,0.0,0.06,0.01,0.09,0.1,0.01,0.1
Yann Aurel Bisseck,DF,2000.0,10.0,5.0,481.0,5.3,1.0,0.0,1.0,1.0,0.0,0.0,0.0,0.0,0.4,0.4,0.5,0.9,13.0,24.0,10.0,0.19,0.0,0.19,0.19,0.19,0.08,0.09,0.17,0.08,0.17
Sardar Azmoun,"FW,MF",1995.0,16.0,2.0,405.0,4.5,2.0,0.0,2.0,2.0,0.0,0.0,3.0,0.0,2.0,2.0,1.1,3.1,4.0,12.0,29.0,0.44,0.0,0.44,0.44,0.44,0.44,0.24,0.68,0.44,0.68
Paulo Azzi,"DF,MF",1994.0,17.0,9.0,836.0,9.3,0.0,0.0,0.0,0.0,0.0,0.0,1.0,0.0,1.0,1.0,0.4,1.4,40.0,31.0,39.0,0.0,0.0,0.0,0.0,0.0,0.11,0.04,0.15,0.11,0.15
Oussama El Azzouzi,MF,2001.0,12.0,2.0,303.0,3.4,1.0,1.0,2.0,1.0,0.0,0.0,3.0,0.0,0.4,0.4,0.4,0.8,3.0,13.0,6.0,0.3,0.3,0.59,0.3,0.59,0.12,0.12,0.23,0.12,0.23
Milan Badelj,MF,1989.0,22.0,22.0,1724.0,19.2,0.0,3.0,3.0,0.0,0.0,0.0,5.0,0.0,0.7,0.7,0.8,1.5,12.0,99.0,16.0,0.0,0.16,0.16,0.0,0.16,0.04,0.04,0.08,0.04,0.08
Jaime Báez,"FW,MF",1995.0,10.0,6.0,499.0,5.5,1.0,0.0,1.0,1.0,0.0,0.0,1.0,0.0,0.5,0.5,0.5,1.0,12.0,29.0,39.0,0.18,0.0,0.18,0.18,0.18,0.08,0.1,0.18,0.08,0.18
Player,Pos,,,,,,,,,,,,,,,,,,,,,,,,,,,,,,
Nedim Bajrami,"MF,FW",1999.0,20.0,11.0,934.0,10.4,1.0,1.0,2.0,1.0,0.0,0.0,0.0,0.0,1.6,1.6,1.3,2.8,37.0,36.0,52.0,0.1,0.1,0.19,0.1,0.19,0.15,0.12,0.27,0.15,0.27
Mitchel Bakker,DF,2000.0,9.0,2.0,245.0,2.7,1.0,0.0,1.0,1.0,0.0,0.0,0.0,0.0,0.1,0.1,0.1,0.2,9.0,7.0,12.0,0.37,0.0,0.37,0.37,0.37,0.05,0.03,0.08,0.05,0.08
Tommaso Baldanzi,"MF,FW",2003.0,14.0,8.0,745.0,8.3,2.0,0.0,2.0,2.0,0.0,0.0,1.0,0.0,2.1,2.1,1.0,3.1,20.0,30.0,40.0,0.24,0.0,0.24,0.24,0.24,0.25,0.13,0.38,0.25,0.38
Tommaso Baldanzi,"FW,MF",2003.0,3.0,1.0,113.0,1.3,0.0,0.0,0.0,0.0,0.0,0.0,0.0,0.0,0.1,0.1,0.1,0.2,3.0,3.0,9.0,0.0,0.0,0.0,0.0,0.0,0.05,0.08,0.13,0.05,0.13
Lameck Banda,FW,2001.0,17.0,14.0,1140.0,12.7,2.0,4.0,6.0,2.0,0.0,0.0,4.0,1.0,2.9,2.9,1.8,4.7,63.0,22.0,122.0,0.16,0.32,0.47,0.16,0.47,0.23,0.15,0.37,0.23,0.37
Daniel Bandeira,"MF,FW",2000.0,5.0,1.0,132.0,1.5,0.0,0.0,0.0,0.0,0.0,0.0,0.0,0.0,0.0,0.0,0.0,0.0,3.0,3.0,1.0,0.0,0.0,0.0,0.0,0.0,0.0,0.01,0.01,0.0,0.01
Mattia Bani,DF,1993.0,21.0,21.0,1772.0,19.7,2.0,0.0,2.0,2.0,0.0,0.0,8.0,0.0,1.2,1.2,0.1,1.2,4.0,27.0,4.0,0.1,0.0,0.1,0.1,0.1,0.06,0.0,0.06,0.06,0.06
Antonín Barák,MF,1994.0,11.0,2.0,250.0,2.8,1.0,0.0,1.0,1.0,0.0,0.0,1.0,0.0,0.4,0.4,0.0,0.5,9.0,10.0,24.0,0.36,0.0,0.36,0.36,0.36,0.15,0.01,0.17,0.15,0.17
Nicolò Barella,MF,1997.0,24.0,22.0,1847.0,20.5,2.0,3.0,5.0,2.0,0.0,0.0,4.0,0.0,3.3,3.3,2.5,5.8,43.0,195.0,99.0,0.1,0.15,0.24,0.1,0.24,0.16,0.12,0.28,0.16,0.28
Enzo Barrenechea,MF,2001.0,25.0,22.0,1902.0,21.1,0.0,1.0,1.0,0.0,0.0,0.0,8.0,0.0,0.4,0.4,1.3,1.7,8.0,105.0,18.0,0.0,0.05,0.05,0.0,0.05,0.02,0.06,0.08,0.02,0.08
Davide Bartesaghi,"DF,MF",2005.0,5.0,0.0,70.0,0.8,0.0,0.0,0.0,0.0,0.0,0.0,0.0,0.0,0.0,0.0,0.0,0.0,1.0,3.0,4.0,0.0,0.0,0.0,0.0,0.0,0.0,0.0,0.0,0.0,0.0
Federico Baschirotto,DF,1996.0,25.0,25.0,2214.0,24.6,0.0,1.0,1.0,0.0,0.0,0.0,1.0,1.0,1.1,0.8,0.7,1.5,18.0,63.0,2.0,0.0,0.04,0.04,0.0,0.04,0.04,0.03,0.07,0.03,0.06
Toma Bašić,MF,1996.0,6.0,6.0,470.0,5.2,0.0,0.0,0.0,0.0,0.0,0.0,2.0,0.0,0.0,0.0,0.2,0.3,8.0,18.0,4.0,0.0,0.0,0.0,0.0,0.0,0.01,0.04,0.05,0.01,0.05
Alessandro Bastoni,DF,1999.0,19.0,19.0,1549.0,17.2,1.0,0.0,1.0,1.0,0.0,0.0,4.0,0.0,1.0,1.0,2.7,3.7,39.0,92.0,61.0,0.06,0.0,0.06,0.06,0.06,0.06,0.16,0.21,0.06,0.21
Simone Bastoni,"DF,MF",1996.0,9.0,3.0,365.0,4.1,1.0,0.0,1.0,1.0,0.0,0.0,2.0,0.0,0.2,0.2,0.3,0.5,6.0,12.0,15.0,0.25,0.0,0.25,0.25,0.25,0.04,0.08,0.12,0.04,0.12
Reda Belahyane,MF,2004.0,1.0,0.0,17.0,0.2,0.0,0.0,0.0,0.0,0.0,0.0,0.0,0.0,0.0,0.0,0.0,0.0,1.0,0.0,0.0,0.0,0.0,0.0,0.0,0.0,0.14,0.0,0.14,0.14,0.14
Raoul Bellanova,"DF,MF",2000.0,25.0,24.0,2048.0,22.8,1.0,5.0,6.0,1.0,0.0,0.0,5.0,0.0,1.7,1.7,3.3,5.0,100.0,72.0,145.0,0.04,0.22,0.26,0.04,0.26,0.07,0.15,0.22,0.07,0.22
Andrea Belotti,FW,1993.0,5.0,4.0,367.0,4.1,1.0,0.0,1.0,1.0,0.0,0.0,0.0,0.0,1.0,1.0,0.2,1.2,7.0,7.0,21.0,0.25,0.0,0.25,0.25,0.25,0.24,0.06,0.3,0.24,0.3
Andrea Belotti,FW,1993.0,14.0,6.0,679.0,7.5,3.0,2.0,5.0,3.0,0.0,0.0,1.0,0.0,2.4,2.4,1.2,3.6,15.0,8.0,49.0,0.4,0.27,0.66,0.4,0.66,0.32,0.16,0.48,0.32,0.48
Lucas Beltrán,"FW,MF",2001.0,23.0,16.0,1274.0,14.2,6.0,1.0,7.0,5.0,1.0,1.0,4.0,0.0,3.3,2.5,1.4,3.9,6.0,33.0,84.0,0.42,0.07,0.49,0.35,0.42,0.23,0.1,0.33,0.17,0.28
Ismaël Bennacer,MF,1997.0,9.0,5.0,423.0,4.7,0.0,1.0,1.0,0.0,0.0,0.0,1.0,0.0,0.3,0.3,0.8,1.1,11.0,24.0,11.0,0.0,0.21,0.21,0.0,0.21,0.06,0.17,0.24,0.06,0.24
Domenico Berardi,FW,1994.0,16.0,16.0,1372.0,15.2,9.0,3.0,12.0,4.0,5.0,5.0,6.0,0.0,6.5,2.5,2.9,5.4,34.0,78.0,118.0,0.59,0.2,0.79,0.26,0.46,0.42,0.19,0.61,0.16,0.35
Bartosz Bereszyński,DF,1992.0,13.0,12.0,869.0,9.7,0.0,1.0,1.0,0.0,0.0,0.0,2.0,0.0,0.0,0.0,0.2,0.2,9.0,40.0,15.0,0.0,0.1,0.1,0.0,0.1,0.0,0.02,0.03,0.0,0.03
Etrit Berisha,GK,1989.0,14.0,14.0,1260.0,14.0,0.0,0.0,0.0,0.0,0.0,0.0,0.0,0.0,0.0,0.0,0.0,0.0,0.0,0.0,0.0,0.0,0.0,0.0,0.0,0.0,0.0,0.0,0.0,0.0,0.0
Medon Berisha,MF,2003.0,1.0,0.0,12.0,0.1,0.0,0.0,0.0,0.0,0.0,0.0,0.0,0.0,0.0,0.0,0.0,0.0,0.0,0.0,0.0,0.0,0.0,0.0,0.0,0.0,0.0,0.0,0.0,0.0,0.0
Player,Pos,,,,,,,,,,,,,,,,,,,,,,,,,,,,,,
Victor Bernth Kristiansen,DF,2002.0,22.0,17.0,1500.0,16.7,0.0,3.0,3.0,0.0,0.0,0.0,3.0,0.0,0.2,0.2,1.9,2.0,13.0,75.0,49.0,0.0,0.18,0.18,0.0,0.18,0.01,0.11,0.12,0.01,0.12
Beto,FW,1998.0,1.0,1.0,74.0,0.8,0.0,0.0,0.0,0.0,0.0,0.0,0.0,0.0,0.0,0.0,0.3,0.3,0.0,2.0,5.0,0.0,0.0,0.0,0.0,0.0,0.0,0.32,0.32,0.0,0.32
Davide Bettella,MF,2000.0,1.0,0.0,3.0,0.0,0.0,0.0,0.0,0.0,0.0,0.0,0.0,0.0,0.0,0.0,0.0,0.0,0.0,0.0,0.0,0.0,0.0,0.0,0.0,0.0,0.0,0.0,0.0,0.0,0.0
Sam Beukema,DF,1998.0,22.0,22.0,1947.0,21.6,1.0,1.0,2.0,1.0,0.0,0.0,3.0,0.0,1.3,1.3,0.8,2.1,11.0,53.0,4.0,0.05,0.05,0.09,0.05,0.09,0.06,0.04,0.1,0.06,0.1
Jaka Bijol,DF,1999.0,13.0,13.0,1170.0,13.0,0.0,0.0,0.0,0.0,0.0,0.0,1.0,0.0,0.8,0.8,0.2,1.0,4.0,35.0,0.0,0.0,0.0,0.0,0.0,0.0,0.06,0.01,0.07,0.06,0.07
El Bilal Touré,FW,2001.0,2.0,0.0,43.0,0.5,1.0,0.0,1.0,1.0,0.0,0.0,0.0,0.0,0.5,0.5,0.0,0.5,1.0,0.0,2.0,2.09,0.0,2.09,2.09,2.09,1.05,0.0,1.05,1.05,1.05
Cristiano Biraghi,DF,1992.0,21.0,20.0,1728.0,19.2,1.0,3.0,4.0,1.0,0.0,0.0,6.0,0.0,0.6,0.6,2.0,2.6,46.0,101.0,84.0,0.05,0.16,0.21,0.05,0.21,0.03,0.1,0.14,0.03,0.14
Davide Biraschi,DF,1994.0,1.0,1.0,90.0,1.0,1.0,0.0,1.0,1.0,0.0,0.0,0.0,0.0,0.1,0.1,0.0,0.1,0.0,5.0,4.0,1.0,0.0,1.0,1.0,1.0,0.1,0.0,0.1,0.1,0.1
Samuele Birindelli,DF,1999.0,23.0,10.0,1068.0,11.9,0.0,1.0,1.0,0.0,0.0,0.0,5.0,0.0,0.7,0.7,2.1,2.9,29.0,30.0,79.0,0.0,0.08,0.08,0.0,0.08,0.06,0.18,0.24,0.06,0.24
Alexis Blin,"MF,DF",1996.0,19.0,7.0,832.0,9.2,0.0,2.0,2.0,0.0,0.0,0.0,2.0,0.0,0.8,0.8,0.5,1.3,5.0,23.0,5.0,0.0,0.22,0.22,0.0,0.22,0.09,0.05,0.14,0.09,0.14
Jérôme Boateng,DF,1988.0,4.0,3.0,171.0,1.9,0.0,0.0,0.0,0.0,0.0,0.0,0.0,0.0,0.0,0.0,0.1,0.1,0.0,5.0,0.0,0.0,0.0,0.0,0.0,0.0,0.0,0.06,0.06,0.0,0.06
Emil Bohinen,FW,1999.0,1.0,0.0,1.0,0.0,0.0,0.0,0.0,0.0,0.0,0.0,0.0,0.0,0.0,0.0,0.0,0.0,0.0,0.0,0.0,0.0,0.0,0.0,0.0,0.0,0.0,0.0,0.0,0.0,0.0
Emil Bohinen,MF,1999.0,12.0,7.0,535.0,5.9,0.0,0.0,0.0,0.0,0.0,0.0,1.0,0.0,0.1,0.1,0.2,0.3,7.0,26.0,10.0,0.0,0.0,0.0,0.0,0.0,0.01,0.04,0.05,0.01,0.05
Daniel Boloca,MF,1998.0,21.0,19.0,1595.0,17.7,1.0,0.0,1.0,1.0,0.0,0.0,5.0,1.0,0.5,0.5,0.4,0.9,18.0,85.0,11.0,0.06,0.0,0.06,0.06,0.06,0.03,0.02,0.05,0.03,0.05
Giacomo Bonaventura,MF,1989.0,24.0,21.0,1738.0,19.3,7.0,2.0,9.0,7.0,0.0,1.0,4.0,0.0,5.3,4.0,2.9,6.9,47.0,109.0,86.0,0.36,0.1,0.47,0.36,0.47,0.27,0.15,0.42,0.21,0.36
Federico Bonazzoli,"FW,MF",1997.0,16.0,5.0,648.0,7.2,1.0,0.0,1.0,1.0,0.0,0.0,2.0,0.0,1.2,1.2,0.2,1.4,9.0,19.0,53.0,0.14,0.0,0.14,0.14,0.14,0.17,0.02,0.19,0.17,0.19
Warren Bondo,MF,2003.0,14.0,5.0,640.0,7.1,1.0,0.0,1.0,1.0,0.0,0.0,3.0,0.0,0.6,0.6,0.0,0.6,15.0,22.0,3.0,0.14,0.0,0.14,0.14,0.14,0.08,0.01,0.08,0.08,0.08
Giovanni Bonfanti,DF,2003.0,1.0,0.0,15.0,0.2,0.0,0.0,0.0,0.0,0.0,0.0,0.0,0.0,0.0,0.0,0.0,0.0,0.0,0.0,0.0,0.0,0.0,0.0,0.0,0.0,0.0,0.0,0.0,0.0,0.0
Kevin Bonifazi,DF,1996.0,1.0,1.0,90.0,1.0,0.0,0.0,0.0,0.0,0.0,0.0,0.0,0.0,0.0,0.0,0.0,0.0,0.0,1.0,1.0,0.0,0.0,0.0,0.0,0.0,0.0,0.0,0.0,0.0,0.0
Kevin Bonifazi,DF,1996.0,2.0,1.0,91.0,1.0,0.0,0.0,0.0,0.0,0.0,0.0,0.0,0.0,0.0,0.0,0.0,0.0,0.0,0.0,0.0,0.0,0.0,0.0,0.0,0.0,0.0,0.0,0.0,0.0,0.0
Gennaro Borrelli,FW,2000.0,1.0,0.0,24.0,0.3,0.0,0.0,0.0,0.0,0.0,0.0,0.0,0.0,0.0,0.0,0.0,0.0,1.0,0.0,1.0,0.0,0.0,0.0,0.0,0.0,0.0,0.0,0.0,0.0,0.0
Erik Botheim,"FW,MF",2000.0,7.0,4.0,316.0,3.5,0.0,0.0,0.0,0.0,0.0,0.0,1.0,0.0,0.1,0.1,0.0,0.1,3.0,5.0,9.0,0.0,0.0,0.0,0.0,0.0,0.03,0.0,0.03,0.03,0.03
Mehdi Bourabia,MF,1991.0,10.0,3.0,200.0,2.2,0.0,0.0,0.0,0.0,0.0,0.0,1.0,0.0,0.1,0.1,0.0,0.1,1.0,7.0,8.0,0.0,0.0,0.0,0.0,0.0,0.05,0.0,0.05,0.05,0.05
Edoardo Bove,MF,2002.0,23.0,14.0,1369.0,15.2,0.0,2.0,2.0,0.0,0.0,0.0,2.0,0.0,1.9,1.9,0.5,2.4,12.0,64.0,38.0,0.0,0.13,0.13,0.0,0.13,0.12,0.04,0.16,0.12,0.16
Domagoj Bradarić,DF,1999.0,25.0,21.0,1953.0,21.7,0.0,3.0,3.0,0.0,0.0,0.0,5.0,0.0,0.6,0.6,1.0,1.6,41.0,53.0,88.0,0.0,0.14,0.14,0.0,0.14,0.03,0.05,0.07,0.03,0.07
Player,Pos,,,,,,,,,,,,,,,,,,,,,,,,,,,,,,
Josip Brekalo,FW,1998.0,11.0,8.0,652.0,7.2,1.0,0.0,1.0,1.0,0.0,0.0,0.0,0.0,0.4,0.4,0.3,0.7,14.0,25.0,69.0,0.14,0.0,0.14,0.14,0.14,0.06,0.04,0.1,0.06,0.1
Gleison Bremer,DF,1997.0,25.0,25.0,2243.0,24.9,2.0,0.0,2.0,2.0,0.0,0.0,6.0,0.0,1.2,1.2,0.3,1.4,4.0,78.0,3.0,0.08,0.0,0.08,0.08,0.08,0.05,0.01,0.06,0.05,0.06
Brenner,FW,2000.0,4.0,0.0,40.0,0.4,0.0,0.0,0.0,0.0,0.0,0.0,0.0,0.0,0.0,0.0,0.0,0.0,1.0,0.0,5.0,0.0,0.0,0.0,0.0,0.0,0.03,0.0,0.03,0.03,0.03
Marco Brescianini,"MF,DF",2000.0,24.0,13.0,1384.0,15.4,3.0,1.0,4.0,3.0,0.0,0.0,1.0,0.0,0.7,0.7,0.8,1.5,24.0,39.0,51.0,0.2,0.07,0.26,0.2,0.26,0.05,0.05,0.1,0.05,0.1
Dylan Bronn,"DF,MF",1995.0,4.0,0.0,52.0,0.6,0.0,0.0,0.0,0.0,0.0,0.0,0.0,0.0,0.0,0.0,0.0,0.0,1.0,1.0,0.0,0.0,0.0,0.0,0.0,0.0,0.05,0.0,0.05,0.05,0.05
Tajon Buchanan,DF,1999.0,2.0,0.0,29.0,0.3,0.0,0.0,0.0,0.0,0.0,0.0,0.0,0.0,0.0,0.0,0.0,0.0,2.0,0.0,6.0,0.0,0.0,0.0,0.0,0.0,0.0,0.0,0.0,0.0,0.0
Alessandro Buongiorno,DF,1999.0,18.0,18.0,1556.0,17.3,3.0,0.0,3.0,3.0,0.0,0.0,5.0,0.0,1.5,1.5,0.1,1.6,10.0,42.0,6.0,0.17,0.0,0.17,0.17,0.17,0.09,0.01,0.09,0.09,0.09
Rareș-Cătălin Burnete,FW,2004.0,1.0,0.0,8.0,0.1,0.0,1.0,1.0,0.0,0.0,0.0,0.0,0.0,0.0,0.0,0.1,0.1,0.0,0.0,2.0,0.0,11.25,11.25,0.0,11.25,0.0,0.71,0.71,0.0,0.71
Juan Cabal,DF,2001.0,11.0,6.0,588.0,6.5,0.0,0.0,0.0,0.0,0.0,0.0,2.0,0.0,0.3,0.3,0.2,0.5,17.0,40.0,28.0,0.0,0.0,0.0,0.0,0.0,0.05,0.04,0.08,0.05,0.08
Jovane Cabral,"MF,FW",1998.0,12.0,8.0,678.0,7.5,1.0,0.0,1.0,1.0,0.0,0.0,1.0,0.0,1.2,1.2,0.4,1.6,22.0,40.0,39.0,0.13,0.0,0.13,0.13,0.13,0.15,0.06,0.21,0.15,0.21
Liberato Cacace,DF,2000.0,20.0,16.0,1513.0,16.8,0.0,0.0,0.0,0.0,0.0,0.0,5.0,0.0,0.2,0.2,0.9,1.2,24.0,64.0,44.0,0.0,0.0,0.0,0.0,0.0,0.01,0.06,0.07,0.01,0.07
Jens Cajuste,MF,1999.0,18.0,6.0,594.0,6.6,0.0,1.0,1.0,0.0,0.0,0.0,5.0,0.0,1.0,1.0,0.6,1.6,11.0,23.0,30.0,0.0,0.15,0.15,0.0,0.15,0.15,0.1,0.25,0.15,0.25
Davide Calabria,DF,1996.0,22.0,20.0,1619.0,18.0,0.0,3.0,3.0,0.0,0.0,0.0,5.0,1.0,0.7,0.7,1.0,1.7,23.0,93.0,50.0,0.0,0.17,0.17,0.0,0.17,0.04,0.05,0.09,0.04,0.09
Riccardo Calafiori,DF,2002.0,22.0,18.0,1656.0,18.4,0.0,2.0,2.0,0.0,0.0,0.0,4.0,0.0,0.4,0.4,0.6,1.1,18.0,64.0,9.0,0.0,0.11,0.11,0.0,0.11,0.02,0.03,0.06,0.02,0.06
Luca Caldirola,DF,1991.0,22.0,21.0,1859.0,20.7,1.0,1.0,2.0,1.0,0.0,0.0,5.0,1.0,0.4,0.4,0.6,1.0,9.0,49.0,8.0,0.05,0.05,0.1,0.05,0.1,0.02,0.03,0.05,0.02,0.05
Hakan Çalhanoğlu,MF,1994.0,23.0,23.0,1864.0,20.7,9.0,3.0,12.0,2.0,7.0,7.0,5.0,0.0,7.3,1.8,3.9,5.7,36.0,143.0,26.0,0.43,0.14,0.58,0.1,0.24,0.35,0.19,0.54,0.09,0.27
Francesco Camarda,FW,2008.0,2.0,0.0,14.0,0.2,0.0,0.0,0.0,0.0,0.0,0.0,0.0,0.0,0.0,0.0,0.0,0.0,0.0,0.0,1.0,0.0,0.0,0.0,0.0,0.0,0.0,0.0,0.0,0.0,0.0
Nicolò Cambiaghi,"FW,MF",2000.0,25.0,21.0,1820.0,20.2,0.0,1.0,1.0,0.0,0.0,0.0,2.0,0.0,2.8,2.8,1.8,4.6,89.0,50.0,145.0,0.0,0.05,0.05,0.0,0.05,0.14,0.09,0.23,0.14,0.23
Andrea Cambiaso,"DF,FW",2000.0,23.0,17.0,1525.0,16.9,1.0,3.0,4.0,1.0,0.0,0.0,5.0,0.0,1.6,1.6,2.5,4.1,60.0,36.0,107.0,0.06,0.18,0.24,0.06,0.24,0.09,0.15,0.24,0.09,0.24
Matteo Cancellieri,"FW,MF",2002.0,25.0,13.0,1295.0,14.4,2.0,2.0,4.0,2.0,0.0,0.0,6.0,0.0,3.0,3.0,2.2,5.1,40.0,20.0,91.0,0.14,0.14,0.28,0.14,0.28,0.21,0.15,0.36,0.21,0.36
Antonio Candreva,"MF,FW",1987.0,25.0,24.0,2044.0,22.7,5.0,5.0,10.0,5.0,0.0,0.0,3.0,0.0,3.1,3.1,4.2,7.3,47.0,97.0,141.0,0.22,0.22,0.44,0.22,0.44,0.14,0.19,0.32,0.14,0.32
Luigi Canotto,FW,1994.0,1.0,0.0,16.0,0.2,0.0,0.0,0.0,0.0,0.0,0.0,0.0,0.0,0.0,0.0,0.0,0.0,0.0,0.0,1.0,0.0,0.0,0.0,0.0,0.0,0.0,0.0,0.0,0.0,0.0
Gianluca Caprari,"MF,FW",1993.0,4.0,4.0,255.0,2.8,0.0,0.0,0.0,0.0,0.0,0.0,0.0,0.0,0.3,0.3,0.7,0.9,11.0,15.0,12.0,0.0,0.0,0.0,0.0,0.0,0.1,0.23,0.33,0.1,0.33
Elia Caprile,GK,2001.0,11.0,11.0,990.0,11.0,0.0,0.0,0.0,0.0,0.0,0.0,0.0,0.0,0.0,0.0,0.0,0.0,0.0,0.0,0.0,0.0,0.0,0.0,0.0,0.0,0.0,0.0,0.0,0.0,0.0
Francesco Caputo,FW,1987.0,15.0,14.0,1096.0,12.2,3.0,0.0,3.0,2.0,1.0,1.0,0.0,0.0,3.0,2.2,0.7,2.9,6.0,18.0,57.0,0.25,0.0,0.25,0.16,0.16,0.24,0.06,0.3,0.18,0.23
Player,Pos,,,,,,,,,,,,,,,,,,,,,,,,,,,,,,
Andrea Carboni,DF,2001.0,16.0,11.0,1095.0,12.2,0.0,0.0,0.0,0.0,0.0,0.0,1.0,0.0,0.7,0.7,0.4,1.1,8.0,37.0,13.0,0.0,0.0,0.0,0.0,0.0,0.06,0.03,0.09,0.06,0.09
Valentin Carboni,MF,2005.0,19.0,7.0,726.0,8.1,2.0,2.0,4.0,2.0,0.0,0.0,1.0,0.0,1.5,1.5,1.0,2.5,32.0,33.0,49.0,0.25,0.25,0.5,0.25,0.5,0.19,0.12,0.31,0.19,0.31
Carlos,DF,1999.0,25.0,7.0,1041.0,11.6,0.0,3.0,3.0,0.0,0.0,0.0,1.0,0.0,0.7,0.7,2.0,2.8,30.0,33.0,63.0,0.0,0.26,0.26,0.0,0.26,0.06,0.18,0.24,0.06,0.24
Marco Carnesecchi,GK,2000.0,15.0,15.0,1350.0,15.0,0.0,0.0,0.0,0.0,0.0,0.0,0.0,0.0,0.0,0.0,0.0,0.0,0.0,0.0,0.0,0.0,0.0,0.0,0.0,0.0,0.0,0.0,0.0,0.0,0.0
Nicolò Casale,DF,1998.0,12.0,9.0,946.0,10.5,0.0,0.0,0.0,0.0,0.0,0.0,1.0,0.0,0.7,0.7,0.0,0.7,13.0,38.0,2.0,0.0,0.0,0.0,0.0,0.0,0.07,0.0,0.07,0.07,0.07
Giuseppe Caso,"FW,MF",1998.0,14.0,2.0,417.0,4.6,0.0,0.0,0.0,0.0,0.0,0.0,2.0,0.0,0.3,0.3,0.2,0.4,15.0,20.0,37.0,0.0,0.0,0.0,0.0,0.0,0.06,0.04,0.1,0.06,0.1
Valentín Castellanos,FW,1998.0,23.0,9.0,1011.0,11.2,2.0,3.0,5.0,2.0,0.0,0.0,0.0,0.0,4.8,4.8,1.1,5.9,12.0,28.0,71.0,0.18,0.27,0.45,0.18,0.45,0.43,0.1,0.53,0.43,0.53
Samu Castillejo,"FW,MF",1995.0,15.0,6.0,493.0,5.5,0.0,0.0,0.0,0.0,0.0,0.0,1.0,0.0,0.3,0.3,0.8,1.1,27.0,26.0,42.0,0.0,0.0,0.0,0.0,0.0,0.05,0.15,0.2,0.05,0.2
Danilo Cataldi,MF,1994.0,19.0,12.0,1079.0,12.0,1.0,0.0,1.0,1.0,0.0,0.0,6.0,0.0,0.3,0.3,0.8,1.0,7.0,53.0,7.0,0.08,0.0,0.08,0.08,0.08,0.02,0.06,0.09,0.02,0.09
Emil Ceide,"FW,MF",2001.0,8.0,0.0,138.0,1.5,0.0,0.0,0.0,0.0,0.0,0.0,0.0,0.0,0.1,0.1,0.2,0.3,11.0,3.0,14.0,0.0,0.0,0.0,0.0,0.0,0.07,0.16,0.22,0.07,0.22
Zeki Çelik,DF,1997.0,10.0,2.0,258.0,2.9,0.0,0.0,0.0,0.0,0.0,0.0,0.0,0.0,0.1,0.1,0.2,0.3,3.0,10.0,15.0,0.0,0.0,0.0,0.0,0.0,0.02,0.07,0.09,0.02,0.09
Fabien Centonze,DF,1996.0,2.0,1.0,91.0,1.0,0.0,0.0,0.0,0.0,0.0,0.0,1.0,0.0,0.0,0.0,0.0,0.0,2.0,3.0,2.0,0.0,0.0,0.0,0.0,0.0,0.0,0.03,0.03,0.0,0.03
Michele Cerofolini,GK,1999.0,2.0,2.0,180.0,2.0,0.0,0.0,0.0,0.0,0.0,0.0,1.0,0.0,0.0,0.0,0.0,0.0,0.0,0.0,0.0,0.0,0.0,0.0,0.0,0.0,0.0,0.0,0.0,0.0,0.0
Alberto Cerri,FW,1996.0,6.0,6.0,344.0,3.8,0.0,0.0,0.0,0.0,0.0,0.0,1.0,0.0,0.8,0.8,0.2,1.0,2.0,5.0,15.0,0.0,0.0,0.0,0.0,0.0,0.2,0.05,0.25,0.2,0.25
Leonardo Cerri,DF,2003.0,1.0,0.0,7.0,0.1,0.0,0.0,0.0,0.0,0.0,0.0,0.0,0.0,0.0,0.0,0.0,0.0,0.0,0.0,2.0,0.0,0.0,0.0,0.0,0.0,0.0,0.0,0.0,0.0,0.0
Charlys,MF,2004.0,1.0,0.0,1.0,0.0,0.0,0.0,0.0,0.0,0.0,0.0,0.0,0.0,0.0,0.0,0.0,0.0,0.0,1.0,0.0,0.0,0.0,0.0,0.0,0.0,0.0,0.0,0.0,0.0,0.0
Walid Cheddira,FW,1998.0,24.0,12.0,1123.0,12.5,2.0,1.0,3.0,1.0,1.0,1.0,0.0,0.0,4.1,3.4,1.1,4.5,11.0,6.0,62.0,0.16,0.08,0.24,0.08,0.16,0.33,0.09,0.42,0.27,0.36
Federico Chiesa,FW,1997.0,21.0,15.0,1352.0,15.0,6.0,1.0,7.0,5.0,1.0,1.0,1.0,0.0,4.5,3.8,3.4,7.2,73.0,46.0,123.0,0.4,0.07,0.47,0.33,0.4,0.3,0.23,0.53,0.25,0.48
Oliver Christensen,GK,1999.0,2.0,2.0,180.0,2.0,0.0,0.0,0.0,0.0,0.0,0.0,0.0,0.0,0.0,0.0,0.0,0.0,0.0,0.0,0.0,0.0,0.0,0.0,0.0,0.0,0.0,0.0,0.0,0.0,0.0
Samuel Chukwueze,FW,1999.0,15.0,7.0,590.0,6.6,0.0,1.0,1.0,0.0,0.0,0.0,0.0,0.0,0.8,0.8,0.4,1.2,28.0,24.0,69.0,0.0,0.15,0.15,0.0,0.15,0.12,0.06,0.18,0.12,0.18
Giorgio Cittadini,DF,2002.0,1.0,0.0,15.0,0.2,0.0,0.0,0.0,0.0,0.0,0.0,1.0,0.0,0.0,0.0,0.0,0.0,1.0,1.0,1.0,0.0,0.0,0.0,0.0,0.0,0.0,0.0,0.0,0.0,0.0
Giorgio Cittadini,DF,2002.0,1.0,0.0,1.0,0.0,0.0,0.0,0.0,0.0,0.0,0.0,0.0,0.0,0.0,0.0,0.0,0.0,0.0,0.0,0.0,0.0,0.0,0.0,0.0,0.0,0.0,0.0,0.0,0.0,0.0
Patrick Ciurria,"DF,MF",1995.0,21.0,18.0,1561.0,17.3,0.0,1.0,1.0,0.0,0.0,0.0,2.0,0.0,1.5,1.5,2.6,4.1,41.0,68.0,92.0,0.0,0.06,0.06,0.0,0.06,0.09,0.15,0.24,0.09,0.24
Lorenzo Colombo,FW,2002.0,21.0,15.0,1273.0,14.1,4.0,1.0,5.0,4.0,0.0,0.0,2.0,0.0,3.2,3.2,0.6,3.8,15.0,24.0,70.0,0.28,0.07,0.35,0.28,0.35,0.23,0.04,0.27,0.23,0.27
Andrea Colpani,"MF,FW",1999.0,26.0,25.0,1843.0,20.5,7.0,2.0,9.0,7.0,0.0,0.0,1.0,0.0,3.7,3.7,3.1,6.8,69.0,87.0,144.0,0.34,0.1,0.44,0.34,0.44,0.18,0.15,0.33,0.18,0.33
Player,Pos,,,,,,,,,,,,,,,,,,,,,,,,,,,,,,
Pietro Comuzzo,"DF,FW",2005.0,3.0,0.0,23.0,0.3,0.0,0.0,0.0,0.0,0.0,0.0,0.0,0.0,0.0,0.0,0.0,0.0,0.0,2.0,0.0,0.0,0.0,0.0,0.0,0.0,0.0,0.0,0.0,0.0,0.0
Andrea Consigli,GK,1987.0,23.0,23.0,2070.0,23.0,0.0,0.0,0.0,0.0,0.0,0.0,1.0,0.0,0.0,0.0,0.0,0.0,0.0,0.0,0.0,0.0,0.0,0.0,0.0,0.0,0.0,0.0,0.0,0.0,0.0
Nikita Contini Baranovsky,GK,1996.0,1.0,0.0,17.0,0.2,0.0,0.0,0.0,0.0,0.0,0.0,0.0,0.0,0.0,0.0,0.0,0.0,0.0,0.0,0.0,0.0,0.0,0.0,0.0,0.0,0.0,0.0,0.0,0.0,0.0
Diego Coppola,DF,2003.0,13.0,8.0,733.0,8.1,1.0,0.0,1.0,1.0,0.0,0.0,6.0,0.0,0.5,0.5,0.0,0.5,0.0,14.0,0.0,0.12,0.0,0.12,0.12,0.12,0.06,0.0,0.06,0.06,0.06
Tommaso Corazza,DF,2004.0,6.0,1.0,148.0,1.6,0.0,0.0,0.0,0.0,0.0,0.0,1.0,0.0,0.1,0.1,0.0,0.1,7.0,9.0,8.0,0.0,0.0,0.0,0.0,0.0,0.06,0.0,0.06,0.06,0.06
Jeppe Corfitzen,FW,2004.0,1.0,0.0,9.0,0.1,0.0,0.0,0.0,0.0,0.0,0.0,0.0,0.0,0.0,0.0,0.0,0.0,1.0,0.0,0.0,0.0,0.0,0.0,0.0,0.0,0.0,0.0,0.0,0.0,0.0
Giacomo Corona,FW,2004.0,1.0,0.0,5.0,0.1,0.0,0.0,0.0,0.0,0.0,0.0,0.0,0.0,0.0,0.0,0.0,0.0,0.0,0.0,0.0,0.0,0.0,0.0,0.0,0.0,0.0,0.0,0.0,0.0,0.0
Benoît Costil,GK,1987.0,8.0,8.0,720.0,8.0,0.0,0.0,0.0,0.0,0.0,0.0,0.0,0.0,0.0,0.0,0.0,0.0,0.0,0.0,0.0,0.0,0.0,0.0,0.0,0.0,0.0,0.0,0.0,0.0,0.0
Lassana Coulibaly,MF,1996.0,17.0,15.0,1269.0,14.1,0.0,1.0,1.0,0.0,0.0,0.0,3.0,0.0,0.2,0.2,0.3,0.5,22.0,43.0,24.0,0.0,0.07,0.07,0.0,0.07,0.02,0.02,0.04,0.02,0.04
Mamadou Coulibaly,DF,1999.0,1.0,0.0,3.0,0.0,0.0,0.0,0.0,0.0,0.0,0.0,0.0,0.0,0.0,0.0,0.0,0.0,0.0,0.0,0.0,0.0,0.0,0.0,0.0,0.0,0.0,0.0,0.0,0.0,0.0
Alessio Cragno,GK,1994.0,2.0,2.0,180.0,2.0,0.0,0.0,0.0,0.0,0.0,0.0,0.0,0.0,0.0,0.0,0.0,0.0,0.0,0.0,0.0,0.0,0.0,0.0,0.0,0.0,0.0,0.0,0.0,0.0,0.0
Bryan Cristante,"MF,DF",1995.0,25.0,25.0,2220.0,24.7,2.0,3.0,5.0,2.0,0.0,0.0,6.0,0.0,2.6,2.6,2.3,4.9,28.0,157.0,47.0,0.08,0.12,0.2,0.08,0.2,0.1,0.09,0.2,0.1,0.2
Juan Cruz,"FW,MF",1999.0,4.0,1.0,109.0,1.2,0.0,0.0,0.0,0.0,0.0,0.0,0.0,0.0,0.0,0.0,0.1,0.1,3.0,4.0,4.0,0.0,0.0,0.0,0.0,0.0,0.03,0.09,0.12,0.03,0.12
Juan Cuadrado,DF,1988.0,7.0,0.0,156.0,1.7,0.0,2.0,2.0,0.0,0.0,0.0,1.0,0.0,0.1,0.1,1.3,1.4,13.0,6.0,17.0,0.0,1.15,1.15,0.0,1.15,0.08,0.73,0.81,0.08,0.81
Marvin Cuni,FW,2001.0,13.0,6.0,466.0,5.2,1.0,0.0,1.0,1.0,0.0,0.0,0.0,0.0,1.3,1.3,0.2,1.5,4.0,6.0,37.0,0.19,0.0,0.19,0.19,0.19,0.24,0.04,0.29,0.24,0.29
Danilo D'Ambrosio,DF,1988.0,19.0,15.0,1360.0,15.1,0.0,0.0,0.0,0.0,0.0,0.0,5.0,1.0,0.6,0.6,0.2,0.7,9.0,53.0,22.0,0.0,0.0,0.0,0.0,0.0,0.04,0.01,0.05,0.04,0.05
Flavius Daniliuc,DF,2001.0,14.0,8.0,744.0,8.3,0.0,0.0,0.0,0.0,0.0,0.0,2.0,0.0,0.2,0.2,0.2,0.5,8.0,37.0,2.0,0.0,0.0,0.0,0.0,0.0,0.03,0.03,0.06,0.03,0.06
Danilo,DF,1991.0,18.0,17.0,1551.0,17.2,1.0,1.0,2.0,1.0,0.0,0.0,5.0,0.0,1.0,1.0,0.7,1.7,9.0,97.0,10.0,0.06,0.06,0.12,0.06,0.12,0.06,0.04,0.1,0.06,0.1
Matteo Darmian,DF,1989.0,22.0,18.0,1673.0,18.6,0.0,1.0,1.0,0.0,0.0,0.0,1.0,0.0,0.3,0.3,1.2,1.5,10.0,45.0,50.0,0.0,0.05,0.05,0.0,0.05,0.02,0.06,0.08,0.02,0.08
Keinan Davis,FW,1998.0,2.0,0.0,21.0,0.2,0.0,0.0,0.0,0.0,0.0,0.0,0.0,0.0,0.0,0.0,0.0,0.1,1.0,0.0,4.0,0.0,0.0,0.0,0.0,0.0,0.12,0.17,0.29,0.12,0.29
Paweł Dawidowicz,DF,1995.0,20.0,18.0,1541.0,17.1,0.0,0.0,0.0,0.0,0.0,0.0,4.0,0.0,0.5,0.5,0.0,0.5,8.0,61.0,4.0,0.0,0.0,0.0,0.0,0.0,0.03,0.0,0.03,0.03,0.03
Charles De Ketelaere,"FW,MF",2001.0,23.0,17.0,1339.0,14.9,6.0,6.0,12.0,5.0,1.0,1.0,1.0,0.0,4.7,3.9,4.3,8.2,55.0,80.0,149.0,0.4,0.4,0.81,0.34,0.74,0.31,0.29,0.6,0.26,0.55
Lorenzo De Silvestri,DF,1988.0,12.0,6.0,570.0,6.3,2.0,0.0,2.0,2.0,0.0,0.0,0.0,0.0,0.2,0.2,0.0,0.2,8.0,26.0,8.0,0.32,0.0,0.32,0.32,0.32,0.03,0.0,0.03,0.03,0.03
Koni De Winter,DF,2002.0,19.0,16.0,1480.0,16.4,0.0,1.0,1.0,0.0,0.0,0.0,8.0,1.0,0.6,0.6,1.0,1.6,16.0,32.0,13.0,0.0,0.06,0.06,0.0,0.06,0.04,0.06,0.1,0.04,0.1
Grégoire Defrel,"FW,MF",1991.0,12.0,2.0,298.0,3.3,0.0,1.0,1.0,0.0,0.0,0.0,0.0,0.0,0.4,0.4,0.8,1.2,3.0,7.0,15.0,0.0,0.3,0.3,0.0,0.3,0.13,0.24,0.38,0.13,0.38
Player,Pos,,,,,,,,,,,,,,,,,,,,,,,,,,,,,,
Alessandro Deiola,MF,1995.0,16.0,9.0,765.0,8.5,0.0,0.0,0.0,0.0,0.0,0.0,3.0,0.0,1.2,1.2,0.5,1.7,6.0,31.0,13.0,0.0,0.0,0.0,0.0,0.0,0.14,0.06,0.2,0.14,0.2
Diego Demme,MF,1991.0,2.0,1.0,73.0,0.8,0.0,0.0,0.0,0.0,0.0,0.0,1.0,0.0,0.0,0.0,0.0,0.0,3.0,5.0,0.0,0.0,0.0,0.0,0.0,0.0,0.0,0.0,0.0,0.0,0.0
Leander Dendoncker,MF,1995.0,2.0,0.0,13.0,0.1,0.0,0.0,0.0,0.0,0.0,0.0,0.0,0.0,0.0,0.0,0.0,0.0,0.0,1.0,0.0,0.0,0.0,0.0,0.0,0.0,0.0,0.0,0.0,0.0,0.0
Mattia Destro,"FW,MF",1991.0,10.0,1.0,216.0,2.4,0.0,0.0,0.0,0.0,0.0,0.0,1.0,0.0,0.6,0.6,0.3,0.9,2.0,2.0,12.0,0.0,0.0,0.0,0.0,0.0,0.25,0.11,0.36,0.25,0.36
Federico Di Francesco,"FW,MF",1994.0,2.0,0.0,15.0,0.2,1.0,0.0,1.0,1.0,0.0,0.0,0.0,0.0,0.1,0.1,0.0,0.1,1.0,1.0,3.0,6.0,0.0,6.0,6.0,6.0,0.53,0.0,0.53,0.53,0.53
Michele Di Gregorio,GK,1997.0,23.0,23.0,1972.0,21.9,0.0,0.0,0.0,0.0,0.0,0.0,0.0,0.0,0.0,0.0,0.0,0.0,0.0,0.0,0.0,0.0,0.0,0.0,0.0,0.0,0.0,0.0,0.0,0.0,0.0
Giovanni Di Lorenzo,DF,1993.0,24.0,24.0,2160.0,24.0,1.0,5.0,6.0,1.0,0.0,0.0,5.0,0.0,1.9,1.9,4.0,5.9,55.0,195.0,162.0,0.04,0.21,0.25,0.04,0.25,0.08,0.17,0.25,0.08,0.24
Alessandro Di Pardo,"DF,MF",1999.0,11.0,0.0,234.0,2.6,0.0,0.0,0.0,0.0,0.0,0.0,0.0,0.0,0.1,0.1,0.1,0.1,4.0,8.0,14.0,0.0,0.0,0.0,0.0,0.0,0.03,0.02,0.06,0.03,0.06
Boulaye Dia,"FW,MF",1996.0,17.0,12.0,1143.0,12.7,4.0,0.0,4.0,3.0,1.0,1.0,1.0,0.0,3.9,3.1,0.5,3.6,18.0,22.0,57.0,0.31,0.0,0.31,0.24,0.24,0.31,0.04,0.35,0.24,0.28
Federico Dimarco,DF,1997.0,20.0,19.0,1365.0,15.2,3.0,6.0,9.0,3.0,0.0,0.0,0.0,0.0,1.9,1.9,6.3,8.2,34.0,69.0,129.0,0.2,0.4,0.59,0.2,0.59,0.13,0.42,0.54,0.13,0.54
Koffi Djidji,DF,1992.0,11.0,6.0,594.0,6.6,0.0,0.0,0.0,0.0,0.0,0.0,2.0,0.0,0.1,0.1,0.0,0.1,4.0,18.0,3.0,0.0,0.0,0.0,0.0,0.0,0.01,0.0,0.01,0.01,0.01
Berat Djimsiti,DF,1993.0,24.0,24.0,2072.0,23.0,0.0,0.0,0.0,0.0,0.0,0.0,3.0,0.0,0.4,0.4,0.6,1.0,1.0,45.0,5.0,0.0,0.0,0.0,0.0,0.0,0.02,0.03,0.04,0.02,0.04
Dodô,DF,1998.0,5.0,4.0,268.0,3.0,0.0,0.0,0.0,0.0,0.0,0.0,0.0,0.0,0.1,0.1,0.7,0.7,12.0,26.0,10.0,0.0,0.0,0.0,0.0,0.0,0.02,0.22,0.24,0.02,0.24
Josh Doig,DF,2002.0,12.0,11.0,830.0,9.2,0.0,0.0,0.0,0.0,0.0,0.0,2.0,0.0,0.2,0.2,0.3,0.5,23.0,15.0,22.0,0.0,0.0,0.0,0.0,0.0,0.02,0.04,0.06,0.02,0.06
Josh Doig,DF,2002.0,5.0,5.0,448.0,5.0,0.0,0.0,0.0,0.0,0.0,0.0,2.0,0.0,0.1,0.1,0.4,0.5,8.0,10.0,7.0,0.0,0.0,0.0,0.0,0.0,0.03,0.08,0.11,0.03,0.11
Nicolás Domínguez,MF,1998.0,2.0,1.0,102.0,1.1,0.0,0.0,0.0,0.0,0.0,0.0,0.0,0.0,0.0,0.0,0.0,0.0,1.0,9.0,3.0,0.0,0.0,0.0,0.0,0.0,0.0,0.04,0.04,0.0,0.04
Giulio Donati,DF,1990.0,2.0,0.0,10.0,0.1,0.0,0.0,0.0,0.0,0.0,0.0,0.0,0.0,0.0,0.0,0.0,0.1,0.0,1.0,2.0,0.0,0.0,0.0,0.0,0.0,0.17,0.29,0.47,0.17,0.47
Patrick Dorgu,DF,2004.0,21.0,8.0,858.0,9.5,1.0,0.0,1.0,1.0,0.0,0.0,5.0,0.0,0.4,0.4,0.9,1.3,24.0,36.0,46.0,0.1,0.0,0.1,0.1,0.1,0.04,0.09,0.13,0.04,0.13
Alberto Dossena,DF,1998.0,26.0,24.0,2182.0,24.2,2.0,3.0,5.0,2.0,0.0,0.0,4.0,0.0,2.0,2.0,2.0,4.0,4.0,66.0,2.0,0.08,0.12,0.21,0.08,0.21,0.08,0.08,0.16,0.08,0.16
Radu Drăgușin,DF,2002.0,19.0,19.0,1710.0,19.0,2.0,1.0,3.0,2.0,0.0,0.0,1.0,0.0,1.0,1.0,0.8,1.9,6.0,29.0,13.0,0.11,0.05,0.16,0.11,0.16,0.05,0.04,0.1,0.05,0.1
Ondrej Duda,MF,1994.0,22.0,21.0,1742.0,19.4,1.0,3.0,4.0,1.0,0.0,1.0,10.0,2.0,2.0,1.2,2.7,3.9,28.0,77.0,38.0,0.05,0.15,0.21,0.05,0.21,0.1,0.14,0.24,0.06,0.2
Denzel Dumfries,DF,1996.0,20.0,15.0,1248.0,13.9,3.0,3.0,6.0,3.0,0.0,0.0,1.0,0.0,1.8,1.8,3.5,5.3,38.0,42.0,118.0,0.22,0.22,0.43,0.22,0.43,0.13,0.25,0.39,0.13,0.39
Alfred Duncan,MF,1993.0,22.0,18.0,1421.0,15.8,1.0,5.0,6.0,1.0,0.0,0.0,2.0,0.0,1.1,1.1,1.6,2.8,18.0,99.0,34.0,0.06,0.32,0.38,0.06,0.38,0.07,0.1,0.18,0.07,0.17
Paulo Dybala,"FW,MF",1993.0,18.0,18.0,1349.0,15.0,11.0,6.0,17.0,5.0,6.0,6.0,3.0,0.0,8.7,4.0,2.2,6.3,54.0,88.0,124.0,0.73,0.4,1.13,0.33,0.73,0.58,0.15,0.73,0.27,0.42
Festy Ebosele,DF,2002.0,25.0,19.0,1521.0,16.9,0.0,0.0,0.0,0.0,0.0,0.0,4.0,0.0,0.6,0.6,1.8,2.4,60.0,30.0,83.0,0.0,0.0,0.0,0.0,0.0,0.04,0.11,0.14,0.04,0.14
Player,Pos,,,,,,,,,,,,,,,,,,,,,,,,,,,,,,
Enzo Ebosse,DF,1999.0,1.0,0.0,8.0,0.1,0.0,0.0,0.0,0.0,0.0,0.0,0.0,0.0,0.0,0.0,0.0,0.0,0.0,1.0,0.0,0.0,0.0,0.0,0.0,0.0,0.0,0.0,0.0,0.0,0.0
Tyronne Ebuehi,DF,1995.0,14.0,11.0,1074.0,11.9,0.0,1.0,1.0,0.0,0.0,0.0,0.0,0.0,0.3,0.3,0.9,1.2,34.0,37.0,35.0,0.0,0.08,0.08,0.0,0.08,0.02,0.08,0.1,0.02,0.1
Éderson,MF,1999.0,24.0,23.0,2022.0,22.5,5.0,1.0,6.0,5.0,0.0,0.0,6.0,0.0,2.7,2.7,1.1,3.8,24.0,148.0,38.0,0.22,0.04,0.27,0.22,0.27,0.12,0.05,0.17,0.12,0.17
Kingsley Ehizibue,DF,1995.0,12.0,3.0,381.0,4.2,0.0,1.0,1.0,0.0,0.0,0.0,2.0,0.0,0.4,0.4,0.1,0.6,9.0,10.0,22.0,0.0,0.24,0.24,0.0,0.24,0.11,0.03,0.13,0.11,0.13
Emmanuel Ekong,FW,2002.0,1.0,0.0,5.0,0.1,0.0,0.0,0.0,0.0,0.0,0.0,0.0,0.0,0.0,0.0,0.0,0.0,0.0,0.0,1.0,0.0,0.0,0.0,0.0,0.0,0.0,0.19,0.19,0.0,0.19
Caleb Ekuban,"FW,MF",1994.0,20.0,5.0,718.0,8.0,2.0,1.0,3.0,2.0,0.0,0.0,0.0,0.0,1.6,1.6,1.1,2.7,8.0,10.0,65.0,0.25,0.13,0.38,0.25,0.38,0.2,0.14,0.34,0.2,0.34
Elif Elmas,"FW,MF",1999.0,11.0,4.0,339.0,3.8,2.0,0.0,2.0,2.0,0.0,0.0,2.0,0.0,0.5,0.5,0.2,0.7,14.0,16.0,26.0,0.53,0.0,0.53,0.53,0.53,0.13,0.06,0.19,0.13,0.19
Martin Erlic,DF,1998.0,22.0,21.0,1815.0,20.2,1.0,0.0,1.0,1.0,0.0,0.0,4.0,0.0,0.9,0.9,0.0,0.9,14.0,55.0,7.0,0.05,0.0,0.05,0.05,0.05,0.05,0.0,0.05,0.05,0.05
Giovanni Fabbian,"MF,FW",2003.0,17.0,8.0,781.0,8.7,4.0,2.0,6.0,4.0,0.0,0.0,3.0,0.0,3.4,3.4,1.2,4.6,10.0,12.0,35.0,0.46,0.23,0.69,0.46,0.69,0.39,0.14,0.54,0.39,0.54
Nicolò Fagioli,MF,2001.0,6.0,3.0,339.0,3.8,0.0,1.0,1.0,0.0,0.0,0.0,0.0,0.0,0.3,0.3,0.3,0.6,6.0,20.0,14.0,0.0,0.27,0.27,0.0,0.27,0.07,0.07,0.15,0.07,0.15
Wladimiro Falcone,GK,1995.0,26.0,26.0,2340.0,26.0,0.0,0.0,0.0,0.0,0.0,0.0,0.0,0.0,0.0,0.0,0.0,0.0,0.0,0.0,0.0,0.0,0.0,0.0,0.0,0.0,0.0,0.0,0.0,0.0,0.0
Davide Faraoni,DF,1991.0,11.0,7.0,602.0,6.7,0.0,1.0,1.0,0.0,0.0,0.0,5.0,0.0,0.4,0.4,0.4,0.8,13.0,28.0,31.0,0.0,0.15,0.15,0.0,0.15,0.06,0.05,0.11,0.06,0.11
Davide Faraoni,DF,1991.0,4.0,3.0,286.0,3.2,0.0,1.0,1.0,0.0,0.0,0.0,0.0,0.0,0.1,0.1,0.2,0.3,6.0,14.0,13.0,0.0,0.31,0.31,0.0,0.31,0.03,0.07,0.1,0.03,0.1
Federico Fazio,DF,1987.0,11.0,9.0,834.0,9.3,1.0,0.0,1.0,1.0,0.0,0.0,3.0,1.0,0.3,0.3,0.1,0.3,1.0,17.0,0.0,0.11,0.0,0.11,0.11,0.11,0.03,0.01,0.03,0.03,0.03
Jacopo Fazzini,MF,2003.0,21.0,10.0,854.0,9.5,1.0,1.0,2.0,1.0,0.0,0.0,4.0,0.0,0.9,0.9,1.9,2.9,17.0,33.0,38.0,0.11,0.11,0.21,0.11,0.21,0.1,0.2,0.3,0.1,0.3
Lewis Ferguson,MF,1999.0,25.0,25.0,2230.0,24.8,5.0,3.0,8.0,5.0,0.0,0.0,7.0,0.0,4.4,4.4,1.6,6.1,42.0,123.0,101.0,0.2,0.12,0.32,0.2,0.32,0.18,0.07,0.24,0.18,0.24
João Ferreira,DF,2001.0,23.0,13.0,1302.0,14.5,0.0,1.0,1.0,0.0,0.0,0.0,8.0,0.0,0.1,0.1,0.8,0.9,12.0,36.0,35.0,0.0,0.07,0.07,0.0,0.07,0.0,0.06,0.06,0.0,0.06
Seydou Fini,"DF,FW",2006.0,3.0,0.0,35.0,0.4,0.0,0.0,0.0,0.0,0.0,0.0,0.0,0.0,0.1,0.1,0.0,0.1,1.0,0.0,2.0,0.0,0.0,0.0,0.0,0.0,0.34,0.0,0.34,0.34,0.34
Alessandro Florenzi,DF,1991.0,23.0,12.0,1137.0,12.6,0.0,2.0,2.0,0.0,0.0,0.0,4.0,0.0,0.6,0.6,1.6,2.2,19.0,67.0,32.0,0.0,0.16,0.16,0.0,0.16,0.05,0.12,0.17,0.05,0.17
Michael Folorunsho,"MF,FW",1998.0,25.0,25.0,2108.0,23.4,3.0,1.0,4.0,3.0,0.0,0.0,4.0,0.0,2.0,2.0,1.1,3.0,45.0,41.0,81.0,0.13,0.04,0.17,0.13,0.17,0.09,0.04,0.13,0.09,0.13
Davide Frattesi,MF,1999.0,20.0,3.0,547.0,6.1,3.0,1.0,4.0,3.0,0.0,0.0,1.0,0.0,3.2,3.2,0.8,4.1,23.0,23.0,24.0,0.49,0.16,0.66,0.49,0.66,0.53,0.14,0.67,0.53,0.67
Morten Frendrup,MF,2001.0,25.0,24.0,2180.0,24.2,1.0,4.0,5.0,1.0,0.0,0.0,5.0,0.0,1.2,1.2,0.9,2.2,29.0,84.0,52.0,0.04,0.17,0.21,0.04,0.21,0.05,0.04,0.09,0.05,0.09
Remo Freuler,MF,1992.0,21.0,19.0,1675.0,18.6,1.0,0.0,1.0,1.0,0.0,0.0,6.0,0.0,0.5,0.5,0.7,1.2,16.0,91.0,32.0,0.05,0.0,0.05,0.05,0.05,0.03,0.04,0.07,0.03,0.07
Matteo Gabbia,DF,1999.0,8.0,7.0,637.0,7.1,1.0,0.0,1.0,1.0,0.0,0.0,2.0,0.0,0.8,0.8,0.1,1.0,6.0,19.0,0.0,0.14,0.0,0.14,0.14,0.14,0.12,0.02,0.14,0.12,0.14
Gianluca Gaetano,"FW,MF",2000.0,4.0,3.0,269.0,3.0,2.0,0.0,2.0,2.0,0.0,0.0,0.0,0.0,0.2,0.2,0.2,0.4,9.0,15.0,19.0,0.67,0.0,0.67,0.67,0.67,0.07,0.08,0.15,0.07,0.15
Player,Pos,,,,,,,,,,,,,,,,,,,,,,,,,,,,,,
Gianluca Gaetano,MF,2000.0,9.0,1.0,161.0,1.8,1.0,0.0,1.0,1.0,0.0,0.0,1.0,0.0,0.6,0.6,0.5,1.1,6.0,6.0,5.0,0.56,0.0,0.56,0.56,0.56,0.35,0.27,0.62,0.35,0.62
Roberto Gagliardini,"MF,DF",1994.0,24.0,23.0,1900.0,21.1,1.0,2.0,3.0,1.0,0.0,0.0,4.0,0.0,2.6,2.6,1.5,4.1,35.0,102.0,26.0,0.05,0.09,0.14,0.05,0.14,0.12,0.07,0.2,0.12,0.2
Pablo Galdames Millán,"MF,DF",1996.0,2.0,0.0,11.0,0.1,0.0,0.0,0.0,0.0,0.0,0.0,0.0,0.0,0.0,0.0,0.0,0.0,0.0,5.0,1.0,0.0,0.0,0.0,0.0,0.0,0.25,0.0,0.25,0.25,0.25
Antonino Gallo,DF,2000.0,23.0,18.0,1486.0,16.5,0.0,2.0,2.0,0.0,0.0,0.0,2.0,0.0,0.2,0.2,2.7,3.0,39.0,91.0,59.0,0.0,0.12,0.12,0.0,0.12,0.01,0.17,0.18,0.01,0.18
Luca Garritano,"MF,DF",1994.0,11.0,5.0,480.0,5.3,0.0,0.0,0.0,0.0,0.0,0.0,1.0,0.0,0.7,0.7,0.3,1.0,6.0,22.0,22.0,0.0,0.0,0.0,0.0,0.0,0.13,0.07,0.2,0.13,0.2
Federico Gatti,DF,1998.0,23.0,21.0,1874.0,20.8,3.0,0.0,3.0,3.0,0.0,0.0,6.0,0.0,2.8,2.8,0.9,3.8,32.0,76.0,22.0,0.14,0.0,0.14,0.14,0.14,0.14,0.05,0.18,0.14,0.18
Francesco Gelli,"DF,MF",1996.0,18.0,14.0,1311.0,14.6,0.0,0.0,0.0,0.0,0.0,0.0,2.0,0.0,0.5,0.5,1.7,2.2,36.0,49.0,74.0,0.0,0.0,0.0,0.0,0.0,0.03,0.12,0.15,0.03,0.15
Luca Gemello,GK,2000.0,1.0,1.0,90.0,1.0,0.0,0.0,0.0,0.0,0.0,0.0,0.0,0.0,0.0,0.0,0.0,0.0,0.0,0.0,0.0,0.0,0.0,0.0,0.0,0.0,0.0,0.0,0.0,0.0,0.0
Valentin Gendrey,DF,2000.0,25.0,24.0,2115.0,23.5,1.0,3.0,4.0,1.0,0.0,0.0,5.0,0.0,0.8,0.8,1.2,2.0,50.0,89.0,57.0,0.04,0.13,0.17,0.04,0.17,0.04,0.05,0.09,0.04,0.09
Farés Ghedjemis,"MF,FW",2002.0,3.0,0.0,100.0,1.1,0.0,0.0,0.0,0.0,0.0,0.0,0.0,0.0,0.1,0.1,0.1,0.2,3.0,2.0,11.0,0.0,0.0,0.0,0.0,0.0,0.08,0.12,0.2,0.08,0.2
Lautaro Gianetti,DF,1993.0,4.0,4.0,360.0,4.0,1.0,0.0,1.0,1.0,0.0,0.0,2.0,0.0,0.3,0.3,0.0,0.3,0.0,2.0,0.0,0.25,0.0,0.25,0.25,0.25,0.08,0.0,0.08,0.08,0.08
Mario Gila,DF,2000.0,13.0,13.0,1109.0,12.3,0.0,0.0,0.0,0.0,0.0,0.0,4.0,1.0,0.2,0.2,0.1,0.3,3.0,44.0,0.0,0.0,0.0,0.0,0.0,0.0,0.02,0.01,0.03,0.02,0.03
Gvidas Gineitis,MF,2004.0,11.0,2.0,313.0,3.5,0.0,0.0,0.0,0.0,0.0,0.0,2.0,0.0,0.2,0.2,0.0,0.2,4.0,14.0,11.0,0.0,0.0,0.0,0.0,0.0,0.06,0.0,0.06,0.06,0.06
Olivier Giroud,FW,1986.0,23.0,21.0,1710.0,19.0,12.0,8.0,20.0,8.0,4.0,5.0,1.0,1.0,10.8,6.8,3.9,10.8,9.0,20.0,66.0,0.63,0.42,1.05,0.42,0.84,0.57,0.21,0.77,0.36,0.57
Edoardo Goldaniga,DF,1993.0,13.0,12.0,1011.0,11.2,0.0,0.0,0.0,0.0,0.0,0.0,3.0,0.0,0.5,0.5,0.1,0.7,9.0,50.0,3.0,0.0,0.0,0.0,0.0,0.0,0.05,0.01,0.06,0.05,0.06
Pierluigi Gollini,GK,1995.0,7.0,7.0,630.0,7.0,0.0,0.0,0.0,0.0,0.0,0.0,0.0,0.0,0.0,0.0,0.0,0.0,0.0,0.0,0.0,0.0,0.0,0.0,0.0,0.0,0.0,0.0,0.0,0.0,0.0
Papu Gómez,"MF,FW",1988.0,2.0,0.0,41.0,0.5,0.0,0.0,0.0,0.0,0.0,0.0,0.0,0.0,0.0,0.0,0.2,0.2,2.0,3.0,1.0,0.0,0.0,0.0,0.0,0.0,0.0,0.43,0.43,0.0,0.43
Joan Gonzàlez,MF,2002.0,19.0,10.0,923.0,10.3,1.0,1.0,2.0,1.0,0.0,0.0,6.0,0.0,1.0,1.0,0.9,1.8,16.0,37.0,24.0,0.1,0.1,0.2,0.1,0.2,0.1,0.08,0.18,0.1,0.18
Nicolás González,FW,1998.0,19.0,15.0,1283.0,14.3,7.0,1.0,8.0,6.0,1.0,3.0,1.0,0.0,6.8,4.4,1.0,5.4,40.0,64.0,130.0,0.49,0.07,0.56,0.42,0.49,0.47,0.07,0.54,0.31,0.38
Alberto Grassi,MF,1995.0,23.0,18.0,1533.0,17.0,0.0,1.0,1.0,0.0,0.0,0.0,4.0,0.0,0.9,0.9,0.6,1.6,13.0,64.0,12.0,0.0,0.06,0.06,0.0,0.06,0.06,0.04,0.09,0.06,0.09
Mattéo Guendouzi,MF,1999.0,24.0,21.0,1780.0,19.8,2.0,1.0,3.0,2.0,0.0,0.0,2.0,0.0,1.4,1.4,1.6,3.0,29.0,73.0,59.0,0.1,0.05,0.15,0.1,0.15,0.07,0.08,0.15,0.07,0.15
Axel Guessand,DF,2004.0,1.0,0.0,45.0,0.5,0.0,0.0,0.0,0.0,0.0,0.0,0.0,0.0,0.0,0.0,0.0,0.0,1.0,1.0,1.0,0.0,0.0,0.0,0.0,0.0,0.02,0.0,0.02,0.02,0.02
Albert Guðmundsson,"FW,MF",1997.0,24.0,24.0,2145.0,23.8,9.0,3.0,12.0,7.0,2.0,2.0,3.0,0.0,4.9,3.3,3.7,7.0,52.0,88.0,118.0,0.38,0.13,0.5,0.29,0.42,0.21,0.15,0.36,0.14,0.29
Emmanuel Gyasi,"DF,FW",1994.0,21.0,10.0,949.0,10.5,1.0,0.0,1.0,1.0,0.0,0.0,5.0,0.0,3.5,3.5,0.5,4.0,11.0,28.0,40.0,0.09,0.0,0.09,0.09,0.09,0.33,0.05,0.38,0.33,0.38
Norbert Gyömbér,DF,1992.0,19.0,17.0,1530.0,17.0,0.0,0.0,0.0,0.0,0.0,0.0,9.0,0.0,0.2,0.2,0.2,0.3,3.0,37.0,0.0,0.0,0.0,0.0,0.0,0.0,0.01,0.01,0.02,0.01,0.02
Player,Pos,,,,,,,,,,,,,,,,,,,,,,,,,,,,,,
Nicolas Haas,MF,1996.0,1.0,1.0,90.0,1.0,0.0,0.0,0.0,0.0,0.0,0.0,1.0,0.0,0.1,0.1,0.0,0.1,0.0,6.0,4.0,0.0,0.0,0.0,0.0,0.0,0.1,0.0,0.1,0.1,0.1
Ridgeciano Haps,"DF,FW",1993.0,11.0,6.0,572.0,6.4,0.0,1.0,1.0,0.0,0.0,0.0,0.0,0.0,0.1,0.1,0.7,0.8,11.0,12.0,34.0,0.0,0.16,0.16,0.0,0.16,0.01,0.11,0.12,0.01,0.12
Abdou Harroui,"MF,FW",1998.0,14.0,10.0,841.0,9.3,3.0,2.0,5.0,2.0,1.0,1.0,2.0,0.0,2.1,1.3,0.6,1.9,29.0,26.0,45.0,0.32,0.21,0.54,0.21,0.43,0.22,0.07,0.29,0.14,0.2
Hans Hateboer,DF,1994.0,12.0,4.0,480.0,5.3,0.0,1.0,1.0,0.0,0.0,0.0,3.0,0.0,0.2,0.2,1.2,1.4,13.0,20.0,28.0,0.0,0.19,0.19,0.0,0.19,0.04,0.23,0.27,0.04,0.27
Pantelis Hatzidiakos,DF,1997.0,10.0,10.0,638.0,7.1,0.0,0.0,0.0,0.0,0.0,0.0,1.0,0.0,0.4,0.4,0.0,0.4,1.0,24.0,3.0,0.0,0.0,0.0,0.0,0.0,0.05,0.0,0.06,0.05,0.06
Silvan Hefti,"MF,DF",1997.0,6.0,1.0,114.0,1.3,0.0,0.0,0.0,0.0,0.0,0.0,0.0,0.0,0.0,0.0,0.0,0.0,1.0,2.0,4.0,0.0,0.0,0.0,0.0,0.0,0.0,0.0,0.0,0.0,0.0
Liam Henderson,MF,1996.0,1.0,0.0,5.0,0.1,0.0,0.0,0.0,0.0,0.0,0.0,0.0,0.0,0.0,0.0,0.0,0.0,0.0,0.0,0.0,0.0,0.0,0.0,0.0,0.0,0.0,0.0,0.0,0.0,0.0
Matheus Henrique,MF,1997.0,19.0,19.0,1701.0,18.9,2.0,1.0,3.0,2.0,0.0,0.0,5.0,0.0,2.2,2.2,0.9,3.1,28.0,65.0,29.0,0.11,0.05,0.16,0.11,0.16,0.12,0.05,0.16,0.12,0.16
Thomas Henry,"FW,MF",1994.0,13.0,1.0,239.0,2.7,3.0,0.0,3.0,3.0,0.0,1.0,1.0,0.0,3.0,2.2,0.0,2.2,2.0,2.0,14.0,1.13,0.0,1.13,1.13,1.13,1.12,0.02,1.14,0.83,0.84
Theo Hernández,DF,1997.0,23.0,23.0,2057.0,22.9,4.0,3.0,7.0,3.0,1.0,2.0,8.0,0.0,3.8,2.2,3.5,5.6,75.0,118.0,94.0,0.18,0.13,0.31,0.13,0.26,0.16,0.15,0.32,0.1,0.25
Isak Hien,DF,1999.0,10.0,9.0,864.0,9.6,0.0,0.0,0.0,0.0,0.0,0.0,1.0,1.0,0.4,0.4,0.0,0.4,8.0,26.0,1.0,0.0,0.0,0.0,0.0,0.0,0.04,0.0,0.04,0.04,0.04
Isak Hien,DF,1999.0,4.0,0.0,63.0,0.7,0.0,0.0,0.0,0.0,0.0,0.0,0.0,0.0,0.0,0.0,0.0,0.0,0.0,3.0,0.0,0.0,0.0,0.0,0.0,0.0,0.0,0.0,0.0,0.0,0.0
Emil Holm,DF,2000.0,16.0,8.0,668.0,7.4,1.0,1.0,2.0,1.0,0.0,0.0,4.0,0.0,2.3,2.3,0.7,3.0,20.0,20.0,53.0,0.13,0.13,0.27,0.13,0.27,0.31,0.1,0.41,0.31,0.41
Martin Hongla,MF,1998.0,15.0,12.0,1084.0,12.0,0.0,0.0,0.0,0.0,0.0,0.0,0.0,0.0,0.1,0.1,0.3,0.4,6.0,57.0,6.0,0.0,0.0,0.0,0.0,0.0,0.01,0.02,0.03,0.01,0.03
Sydney van Hooijdonk,FW,2000.0,9.0,2.0,212.0,2.4,0.0,0.0,0.0,0.0,0.0,0.0,0.0,0.0,0.6,0.6,0.1,0.7,1.0,2.0,9.0,0.0,0.0,0.0,0.0,0.0,0.26,0.05,0.31,0.26,0.31
Dean Huijsen,DF,2005.0,8.0,3.0,335.0,3.7,2.0,0.0,2.0,2.0,0.0,0.0,3.0,0.0,0.4,0.4,0.0,0.4,3.0,6.0,2.0,0.54,0.0,0.54,0.54,0.54,0.11,0.0,0.11,0.11,0.11
Dean Huijsen,DF,2005.0,1.0,0.0,13.0,0.1,0.0,0.0,0.0,0.0,0.0,0.0,0.0,0.0,0.0,0.0,0.0,0.0,0.0,2.0,0.0,0.0,0.0,0.0,0.0,0.0,0.0,0.0,0.0,0.0,0.0
Elseid Hysaj,DF,1994.0,13.0,7.0,680.0,7.6,0.0,0.0,0.0,0.0,0.0,0.0,1.0,0.0,0.0,0.0,0.2,0.2,13.0,29.0,17.0,0.0,0.0,0.0,0.0,0.0,0.0,0.02,0.03,0.0,0.03
Arijon Ibrahimović,"FW,DF",2005.0,12.0,5.0,428.0,4.8,1.0,1.0,2.0,1.0,0.0,0.0,1.0,0.0,0.7,0.7,0.7,1.3,10.0,22.0,49.0,0.21,0.21,0.42,0.21,0.42,0.14,0.14,0.28,0.14,0.28
Jonathan Ikone,FW,1998.0,18.0,12.0,1141.0,12.7,1.0,1.0,2.0,1.0,0.0,0.0,5.0,0.0,2.3,2.3,1.0,3.4,31.0,39.0,114.0,0.08,0.08,0.16,0.08,0.16,0.18,0.08,0.27,0.18,0.27
Chukwubuikem Ikwuemesi,"FW,DF",2001.0,18.0,5.0,615.0,6.8,1.0,1.0,2.0,1.0,0.0,0.0,2.0,0.0,1.9,1.9,0.5,2.4,8.0,6.0,44.0,0.15,0.15,0.29,0.15,0.29,0.28,0.07,0.35,0.28,0.35
Ivan Ilić,MF,2001.0,24.0,18.0,1555.0,17.3,2.0,2.0,4.0,2.0,0.0,0.0,3.0,0.0,0.9,0.9,4.6,5.5,42.0,110.0,41.0,0.12,0.12,0.23,0.12,0.23,0.05,0.26,0.32,0.05,0.32
Samuel Iling-Junior,"DF,FW",2003.0,14.0,0.0,288.0,3.2,1.0,2.0,3.0,1.0,0.0,0.0,0.0,0.0,0.5,0.5,0.4,0.9,11.0,8.0,34.0,0.31,0.62,0.94,0.31,0.94,0.15,0.12,0.27,0.15,0.27
Ciro Immobile,FW,1990.0,22.0,16.0,1277.0,14.2,6.0,1.0,7.0,2.0,4.0,4.0,6.0,0.0,7.2,4.1,1.8,5.9,16.0,29.0,94.0,0.42,0.07,0.49,0.14,0.21,0.51,0.13,0.64,0.29,0.42
Gino Infantino,MF,2003.0,5.0,0.0,82.0,0.9,0.0,0.0,0.0,0.0,0.0,0.0,1.0,0.0,0.0,0.0,0.0,0.1,0.0,6.0,4.0,0.0,0.0,0.0,0.0,0.0,0.02,0.04,0.06,0.02,0.06
Player,Pos,,,,,,,,,,,,,,,,,,,,,,,,,,,,,,
Gustav Isaksen,FW,2001.0,21.0,10.0,850.0,9.4,2.0,1.0,3.0,2.0,0.0,0.0,3.0,0.0,1.1,1.1,1.1,2.3,29.0,16.0,69.0,0.21,0.11,0.32,0.21,0.32,0.12,0.12,0.24,0.12,0.24
Ardian Ismajli,DF,1996.0,20.0,17.0,1554.0,17.3,0.0,0.0,0.0,0.0,0.0,0.0,1.0,0.0,0.1,0.1,0.1,0.1,5.0,38.0,2.0,0.0,0.0,0.0,0.0,0.0,0.0,0.0,0.01,0.0,0.01
Armando Izzo,DF,1992.0,12.0,9.0,728.0,8.1,0.0,0.0,0.0,0.0,0.0,0.0,5.0,0.0,0.6,0.6,0.4,1.0,5.0,29.0,4.0,0.0,0.0,0.0,0.0,0.0,0.07,0.05,0.12,0.07,0.12
Filip Jagiełło,MF,1997.0,2.0,0.0,33.0,0.4,0.0,0.0,0.0,0.0,0.0,0.0,0.0,0.0,0.0,0.0,0.0,0.0,1.0,2.0,2.0,0.0,0.0,0.0,0.0,0.0,0.0,0.0,0.0,0.0,0.0
Jakub Jankto,"MF,FW",1996.0,14.0,9.0,658.0,7.3,0.0,2.0,2.0,0.0,0.0,0.0,0.0,0.0,1.3,1.3,0.5,1.7,10.0,20.0,42.0,0.0,0.27,0.27,0.0,0.27,0.18,0.06,0.24,0.17,0.23
Juan Jesus,DF,1991.0,15.0,14.0,1306.0,14.5,0.0,0.0,0.0,0.0,0.0,0.0,5.0,0.0,0.4,0.4,0.2,0.6,3.0,47.0,2.0,0.0,0.0,0.0,0.0,0.0,0.03,0.01,0.04,0.03,0.04
Alejandro Jiménez,DF,2005.0,3.0,0.0,68.0,0.8,0.0,0.0,0.0,0.0,0.0,0.0,1.0,0.0,0.0,0.0,0.1,0.1,2.0,2.0,3.0,0.0,0.0,0.0,0.0,0.0,0.0,0.07,0.07,0.0,0.07
Kaio Jorge,FW,2002.0,16.0,8.0,769.0,8.5,3.0,0.0,3.0,2.0,1.0,1.0,2.0,0.0,4.3,3.5,0.3,3.9,6.0,10.0,45.0,0.35,0.0,0.35,0.23,0.23,0.51,0.04,0.54,0.41,0.45
Luka Jović,FW,1997.0,17.0,5.0,581.0,6.5,5.0,1.0,6.0,5.0,0.0,0.0,2.0,1.0,3.6,3.6,0.7,4.3,4.0,18.0,31.0,0.77,0.15,0.93,0.77,0.93,0.55,0.11,0.67,0.55,0.67
Hamed Junior Traorè,MF,2000.0,1.0,1.0,58.0,0.6,0.0,0.0,0.0,0.0,0.0,0.0,0.0,0.0,0.1,0.1,0.1,0.1,2.0,2.0,5.0,0.0,0.0,0.0,0.0,0.0,0.08,0.15,0.23,0.08,0.23
Mohamed Kaba,MF,2001.0,22.0,14.0,1317.0,14.6,0.0,0.0,0.0,0.0,0.0,0.0,4.0,1.0,1.2,1.2,0.8,2.0,14.0,60.0,30.0,0.0,0.0,0.0,0.0,0.0,0.08,0.06,0.14,0.08,0.14
Christian Kabasele,DF,1991.0,11.0,10.0,859.0,9.5,1.0,1.0,2.0,1.0,0.0,0.0,5.0,0.0,1.2,1.2,0.5,1.6,7.0,22.0,1.0,0.1,0.1,0.21,0.1,0.21,0.12,0.05,0.17,0.12,0.17
Yayah Kallon,FW,2001.0,1.0,0.0,4.0,0.0,0.0,0.0,0.0,0.0,0.0,0.0,0.0,0.0,0.0,0.0,0.0,0.0,0.0,1.0,0.0,0.0,0.0,0.0,0.0,0.0,0.0,0.0,0.0,0.0,0.0
Pierre Kalulu,DF,2000.0,4.0,1.0,110.0,1.2,0.0,0.0,0.0,0.0,0.0,0.0,0.0,0.0,0.0,0.0,0.0,0.0,1.0,0.0,3.0,0.0,0.0,0.0,0.0,0.0,0.0,0.0,0.0,0.0,0.0
Daichi Kamada,MF,1996.0,18.0,8.0,757.0,8.4,1.0,1.0,2.0,1.0,0.0,0.0,1.0,0.0,1.1,1.1,0.6,1.7,18.0,38.0,33.0,0.12,0.12,0.24,0.12,0.24,0.14,0.07,0.2,0.14,0.2
Hassane Kamara,DF,1994.0,23.0,15.0,1268.0,14.1,0.0,0.0,0.0,0.0,0.0,0.0,3.0,0.0,1.0,1.0,1.2,2.1,34.0,42.0,51.0,0.0,0.0,0.0,0.0,0.0,0.07,0.08,0.15,0.07,0.15
Yann Karamoh,"MF,FW",1998.0,10.0,1.0,162.0,1.8,0.0,0.0,0.0,0.0,0.0,0.0,0.0,0.0,0.1,0.1,0.1,0.2,11.0,5.0,12.0,0.0,0.0,0.0,0.0,0.0,0.08,0.03,0.11,0.08,0.11
Jesper Karlsson,FW,1998.0,6.0,4.0,323.0,3.6,0.0,0.0,0.0,0.0,0.0,0.0,0.0,0.0,0.4,0.4,0.2,0.6,12.0,16.0,34.0,0.0,0.0,0.0,0.0,0.0,0.12,0.06,0.18,0.12,0.18
Rick Karsdorp,DF,1995.0,14.0,12.0,982.0,10.9,0.0,2.0,2.0,0.0,0.0,0.0,1.0,0.0,0.4,0.4,2.1,2.5,12.0,28.0,55.0,0.0,0.18,0.18,0.0,0.18,0.04,0.19,0.22,0.04,0.22
Grigoris Kastanos,"MF,DF",1998.0,22.0,15.0,1235.0,13.7,2.0,3.0,5.0,2.0,0.0,0.0,4.0,0.0,2.5,2.5,2.6,5.1,20.0,62.0,60.0,0.15,0.22,0.36,0.15,0.36,0.19,0.19,0.37,0.19,0.37
Michael Kayode,DF,2004.0,17.0,14.0,1346.0,15.0,1.0,1.0,2.0,1.0,0.0,0.0,2.0,0.0,0.5,0.5,0.6,1.1,30.0,47.0,59.0,0.07,0.07,0.13,0.07,0.13,0.03,0.04,0.07,0.03,0.07
Moise Kean,FW,2000.0,12.0,6.0,472.0,5.2,0.0,0.0,0.0,0.0,0.0,0.0,2.0,0.0,1.8,1.8,0.6,2.4,11.0,5.0,24.0,0.0,0.0,0.0,0.0,0.0,0.35,0.11,0.46,0.35,0.46
Simon Kjær,DF,1989.0,15.0,12.0,997.0,11.1,0.0,1.0,1.0,0.0,0.0,0.0,1.0,0.0,0.4,0.4,0.5,0.9,4.0,44.0,0.0,0.0,0.09,0.09,0.0,0.09,0.04,0.05,0.08,0.04,0.08
Davy Klaassen,"MF,FW",1993.0,9.0,1.0,133.0,1.5,0.0,0.0,0.0,0.0,0.0,0.0,0.0,0.0,0.1,0.1,0.1,0.2,0.0,4.0,4.0,0.0,0.0,0.0,0.0,0.0,0.06,0.1,0.16,0.06,0.16
Sead Kolašinac,DF,1993.0,23.0,20.0,1723.0,19.1,1.0,0.0,1.0,1.0,0.0,0.0,3.0,0.0,1.0,1.0,1.0,2.0,18.0,77.0,21.0,0.05,0.0,0.05,0.05,0.05,0.05,0.05,0.1,0.05,0.1
Player,Pos,,,,,,,,,,,,,,,,,,,,,,,,,,,,,,
Teun Koopmeiners,MF,1998.0,22.0,21.0,1857.0,20.6,8.0,3.0,11.0,6.0,2.0,2.0,2.0,0.0,5.1,3.5,4.5,8.0,54.0,120.0,134.0,0.39,0.15,0.53,0.29,0.44,0.25,0.22,0.46,0.17,0.39
Filip Kostić,"DF,FW",1992.0,23.0,21.0,1499.0,16.7,0.0,4.0,4.0,0.0,0.0,0.0,2.0,0.0,0.6,0.6,5.1,5.7,49.0,70.0,77.0,0.0,0.24,0.24,0.0,0.24,0.04,0.31,0.35,0.04,0.35
Christian Kouamé,FW,1997.0,14.0,7.0,685.0,7.6,1.0,1.0,2.0,1.0,0.0,0.0,0.0,0.0,0.9,0.9,1.6,2.5,8.0,35.0,78.0,0.13,0.13,0.26,0.13,0.26,0.12,0.21,0.32,0.12,0.32
Viktor Kovalenko,MF,1996.0,12.0,3.0,432.0,4.8,1.0,1.0,2.0,1.0,0.0,0.0,0.0,0.0,0.7,0.7,0.8,1.5,4.0,18.0,20.0,0.21,0.21,0.42,0.21,0.42,0.14,0.16,0.31,0.14,0.31
Thomas Kristensen,DF,2002.0,17.0,15.0,1331.0,14.8,0.0,0.0,0.0,0.0,0.0,0.0,4.0,1.0,0.2,0.2,0.0,0.2,14.0,33.0,2.0,0.0,0.0,0.0,0.0,0.0,0.01,0.0,0.02,0.01,0.02
Nikola Krstović,FW,2000.0,24.0,19.0,1500.0,16.7,5.0,0.0,5.0,4.0,1.0,2.0,3.0,0.0,7.6,6.0,1.1,7.2,16.0,28.0,76.0,0.3,0.0,0.3,0.24,0.24,0.46,0.07,0.52,0.36,0.43
Rade Krunić,MF,1993.0,10.0,8.0,687.0,7.6,0.0,0.0,0.0,0.0,0.0,0.0,3.0,0.0,0.1,0.1,0.5,0.6,5.0,24.0,3.0,0.0,0.0,0.0,0.0,0.0,0.02,0.07,0.08,0.02,0.08
Berkan Kutlu,MF,1998.0,6.0,0.0,199.0,2.2,0.0,0.0,0.0,0.0,0.0,0.0,0.0,0.0,0.2,0.2,0.3,0.4,4.0,5.0,9.0,0.0,0.0,0.0,0.0,0.0,0.07,0.13,0.2,0.07,0.2
Khvicha Kvaratskhelia,FW,2001.0,23.0,21.0,1811.0,20.1,6.0,3.0,9.0,6.0,0.0,0.0,6.0,0.0,7.9,7.8,4.1,11.9,132.0,60.0,168.0,0.3,0.15,0.45,0.3,0.45,0.39,0.2,0.59,0.39,0.59
Giorgi Kvernadze,"FW,DF",2003.0,5.0,0.0,63.0,0.7,0.0,0.0,0.0,0.0,0.0,0.0,0.0,0.0,0.0,0.0,0.0,0.0,0.0,1.0,6.0,0.0,0.0,0.0,0.0,0.0,0.0,0.0,0.0,0.0,0.0
Giorgos Kyriakopoulos,"DF,MF",1996.0,19.0,15.0,1293.0,14.4,0.0,3.0,3.0,0.0,0.0,0.0,3.0,0.0,0.8,0.8,1.2,2.0,53.0,53.0,81.0,0.0,0.21,0.21,0.0,0.21,0.06,0.08,0.14,0.06,0.14
Gianluca Lapadula,FW,1990.0,13.0,7.0,576.0,6.4,1.0,0.0,1.0,1.0,0.0,0.0,3.0,0.0,1.8,1.8,0.2,2.0,3.0,0.0,30.0,0.16,0.0,0.16,0.16,0.16,0.28,0.03,0.31,0.28,0.31
Armand Lauriente,FW,1998.0,25.0,24.0,1931.0,21.5,1.0,4.0,5.0,1.0,0.0,0.0,2.0,0.0,3.1,3.1,3.4,6.5,84.0,74.0,180.0,0.05,0.19,0.23,0.05,0.23,0.14,0.16,0.3,0.14,0.3
Valentino Lazaro,"DF,MF",1996.0,24.0,19.0,1710.0,19.0,0.0,2.0,2.0,0.0,0.0,0.0,3.0,0.0,1.4,1.4,2.2,3.6,48.0,84.0,90.0,0.0,0.11,0.11,0.0,0.11,0.07,0.12,0.19,0.07,0.19
Darko Lazović,"FW,DF",1990.0,20.0,11.0,1105.0,12.3,1.0,0.0,1.0,1.0,0.0,0.0,0.0,1.0,1.2,1.1,0.9,2.0,25.0,36.0,73.0,0.08,0.0,0.08,0.08,0.08,0.1,0.07,0.17,0.09,0.16
Manuel Lazzari,DF,1993.0,18.0,15.0,1301.0,14.5,0.0,2.0,2.0,0.0,0.0,0.0,2.0,1.0,0.2,0.2,1.2,1.4,61.0,53.0,77.0,0.0,0.14,0.14,0.0,0.14,0.02,0.08,0.1,0.02,0.1
Nicola Leali,GK,1993.0,2.0,1.0,91.0,1.0,0.0,0.0,0.0,0.0,0.0,0.0,0.0,0.0,0.0,0.0,0.0,0.0,0.0,0.0,0.0,0.0,0.0,0.0,0.0,0.0,0.0,0.0,0.0,0.0,0.0
Rafael Leão,FW,1999.0,23.0,20.0,1712.0,19.0,4.0,7.0,11.0,4.0,0.0,0.0,4.0,0.0,3.6,3.6,5.8,9.4,112.0,74.0,198.0,0.21,0.37,0.58,0.21,0.58,0.19,0.31,0.49,0.19,0.49
Jesper Lindstrøm,"FW,MF",2000.0,16.0,1.0,318.0,3.5,0.0,0.0,0.0,0.0,0.0,0.0,2.0,0.0,0.6,0.6,0.9,1.5,14.0,14.0,26.0,0.0,0.0,0.0,0.0,0.0,0.18,0.26,0.43,0.18,0.43
Karol Linetty,MF,1995.0,18.0,11.0,1056.0,11.7,0.0,0.0,0.0,0.0,0.0,0.0,8.0,0.0,0.2,0.2,0.5,0.7,13.0,62.0,12.0,0.0,0.0,0.0,0.0,0.0,0.01,0.04,0.06,0.01,0.06
Luca Lipani,MF,2005.0,4.0,3.0,202.0,2.2,0.0,0.0,0.0,0.0,0.0,0.0,0.0,0.0,0.0,0.0,0.1,0.1,0.0,7.0,0.0,0.0,0.0,0.0,0.0,0.0,0.02,0.03,0.04,0.02,0.04
Pol Lirola,"DF,MF",1997.0,14.0,9.0,676.0,7.5,1.0,1.0,2.0,1.0,0.0,0.0,1.0,0.0,0.9,0.9,0.8,1.7,13.0,27.0,35.0,0.13,0.13,0.27,0.13,0.27,0.12,0.1,0.22,0.12,0.22
Marcin Listkowski,FW,1998.0,1.0,0.0,8.0,0.1,0.0,0.0,0.0,0.0,0.0,0.0,0.0,0.0,0.0,0.0,0.0,0.0,0.0,1.0,0.0,0.0,0.0,0.0,0.0,0.0,0.47,0.0,0.47,0.47,0.47
Diego Llorente,DF,1993.0,22.0,20.0,1630.0,18.1,0.0,1.0,1.0,0.0,0.0,0.0,4.0,0.0,0.1,0.1,0.5,0.6,12.0,48.0,3.0,0.0,0.06,0.06,0.0,0.06,0.0,0.03,0.03,0.0,0.03
Stanislav Lobotka,MF,1994.0,25.0,25.0,2124.0,23.6,0.0,1.0,1.0,0.0,0.0,0.0,3.0,0.0,0.2,0.2,0.8,1.0,21.0,119.0,22.0,0.0,0.04,0.04,0.0,0.04,0.01,0.03,0.04,0.01,0.04
Player,Pos,,,,,,,,,,,,,,,,,,,,,,,,,,,,,,
Manuel Locatelli,MF,1998.0,25.0,23.0,2035.0,22.6,1.0,3.0,4.0,1.0,0.0,0.0,6.0,0.0,0.5,0.5,0.9,1.4,13.0,156.0,17.0,0.04,0.13,0.18,0.04,0.18,0.02,0.04,0.06,0.02,0.06
Ruben Loftus-Cheek,MF,1996.0,22.0,19.0,1532.0,17.0,5.0,1.0,6.0,5.0,0.0,0.0,4.0,0.0,2.4,2.4,2.0,4.3,60.0,55.0,90.0,0.29,0.06,0.35,0.29,0.35,0.14,0.12,0.26,0.14,0.26
Ademola Lookman,"FW,MF",1997.0,19.0,15.0,1154.0,12.8,7.0,3.0,10.0,7.0,0.0,0.0,3.0,0.0,5.5,5.5,2.6,8.1,40.0,63.0,136.0,0.55,0.23,0.78,0.55,0.78,0.43,0.2,0.63,0.43,0.63
Maxime Lopez,MF,1997.0,11.0,3.0,378.0,4.2,0.0,0.0,0.0,0.0,0.0,0.0,0.0,0.0,0.2,0.2,0.4,0.6,7.0,24.0,5.0,0.0,0.0,0.0,0.0,0.0,0.04,0.11,0.15,0.04,0.15
Maxime Lopez,MF,1997.0,2.0,2.0,140.0,1.6,0.0,0.0,0.0,0.0,0.0,0.0,0.0,1.0,0.0,0.0,0.2,0.2,2.0,18.0,4.0,0.0,0.0,0.0,0.0,0.0,0.0,0.11,0.11,0.0,0.11
Matteo Lovato,DF,2000.0,5.0,4.0,286.0,3.2,0.0,0.0,0.0,0.0,0.0,0.0,2.0,0.0,0.0,0.0,0.0,0.0,0.0,1.0,0.0,0.0,0.0,0.0,0.0,0.0,0.01,0.0,0.01,0.01,0.01
Matteo Lovato,DF,2000.0,13.0,11.0,947.0,10.5,0.0,0.0,0.0,0.0,0.0,0.0,2.0,0.0,0.0,0.0,0.2,0.2,1.0,29.0,1.0,0.0,0.0,0.0,0.0,0.0,0.0,0.02,0.02,0.0,0.02
Sandi Lovrić,MF,1998.0,24.0,17.0,1621.0,18.0,1.0,3.0,4.0,1.0,0.0,0.0,1.0,1.0,2.3,2.3,2.9,5.2,44.0,72.0,66.0,0.06,0.17,0.22,0.06,0.22,0.13,0.16,0.29,0.13,0.29
Lorenzo Lucca,FW,2000.0,26.0,19.0,1689.0,18.8,6.0,3.0,9.0,6.0,0.0,0.0,3.0,0.0,5.5,5.5,1.1,6.6,6.0,13.0,77.0,0.32,0.16,0.48,0.32,0.48,0.29,0.06,0.35,0.29,0.35
Jhon Lucumí,DF,1998.0,17.0,12.0,1182.0,13.1,0.0,0.0,0.0,0.0,0.0,0.0,0.0,0.0,0.3,0.3,0.3,0.6,17.0,50.0,2.0,0.0,0.0,0.0,0.0,0.0,0.02,0.02,0.04,0.02,0.04
José Luis Palomino,DF,1990.0,4.0,0.0,27.0,0.3,0.0,0.0,0.0,0.0,0.0,0.0,0.0,0.0,0.0,0.0,0.0,0.0,0.0,2.0,0.0,0.0,0.0,0.0,0.0,0.0,0.0,0.0,0.0,0.0,0.0
Romelu Lukaku,FW,1993.0,23.0,21.0,1879.0,20.9,9.0,2.0,11.0,9.0,0.0,1.0,3.0,1.0,7.2,6.4,1.6,8.0,28.0,28.0,173.0,0.43,0.1,0.53,0.43,0.53,0.34,0.08,0.42,0.31,0.38
Karlo Lulić,MF,1996.0,1.0,0.0,19.0,0.2,0.0,0.0,0.0,0.0,0.0,0.0,0.0,0.0,0.0,0.0,0.0,0.0,1.0,0.0,0.0,0.0,0.0,0.0,0.0,0.0,0.0,0.0,0.0,0.0,0.0
Sebastiano Luperto,DF,1996.0,26.0,26.0,2340.0,26.0,1.0,1.0,2.0,1.0,0.0,0.0,2.0,0.0,1.2,1.2,1.0,2.2,7.0,72.0,9.0,0.04,0.04,0.08,0.04,0.08,0.05,0.04,0.09,0.05,0.09
Mateus Lusuardi,DF,2004.0,3.0,3.0,218.0,2.4,0.0,0.0,0.0,0.0,0.0,0.0,1.0,0.0,0.1,0.1,0.0,0.1,2.0,12.0,0.0,0.0,0.0,0.0,0.0,0.0,0.03,0.0,0.03,0.03,0.03
Zito Luvumbo,"FW,MF",2002.0,21.0,12.0,1354.0,15.0,4.0,3.0,7.0,4.0,0.0,0.0,3.0,0.0,2.6,2.6,2.5,5.1,58.0,15.0,123.0,0.27,0.2,0.47,0.27,0.47,0.17,0.17,0.34,0.17,0.34
Charalambos Lykogiannis,DF,1993.0,18.0,8.0,707.0,7.9,1.0,1.0,2.0,1.0,0.0,0.0,1.0,0.0,1.1,1.1,0.9,1.9,26.0,25.0,31.0,0.13,0.13,0.25,0.13,0.25,0.14,0.11,0.25,0.14,0.25
Giulio Maggiore,MF,1998.0,19.0,13.0,1235.0,13.7,1.0,0.0,1.0,1.0,0.0,0.0,7.0,1.0,0.8,0.8,0.6,1.4,3.0,45.0,19.0,0.07,0.0,0.07,0.07,0.07,0.06,0.05,0.1,0.06,0.1
Giangiacomo Magnani,DF,1995.0,22.0,20.0,1765.0,19.6,0.0,0.0,0.0,0.0,0.0,0.0,4.0,0.0,0.4,0.4,0.2,0.6,13.0,64.0,8.0,0.0,0.0,0.0,0.0,0.0,0.02,0.01,0.03,0.02,0.03
Mike Maignan,GK,1995.0,23.0,23.0,2069.0,23.0,0.0,1.0,1.0,0.0,0.0,0.0,1.0,1.0,0.0,0.0,0.3,0.3,0.0,0.0,0.0,0.0,0.04,0.04,0.0,0.04,0.0,0.01,0.01,0.0,0.01
Antoine Makoumbou,MF,1998.0,24.0,24.0,2046.0,22.7,1.0,0.0,1.0,1.0,0.0,0.0,5.0,2.0,0.6,0.6,0.8,1.4,28.0,103.0,42.0,0.04,0.0,0.04,0.04,0.04,0.03,0.04,0.06,0.03,0.06
Daniel Maldini,"FW,MF",2001.0,3.0,0.0,50.0,0.6,1.0,1.0,2.0,1.0,0.0,0.0,0.0,0.0,0.2,0.2,0.5,0.8,3.0,3.0,7.0,1.8,1.8,3.6,1.8,3.6,0.45,0.94,1.39,0.45,1.39
Daniel Maldini,"FW,MF",2001.0,7.0,3.0,263.0,2.9,0.0,0.0,0.0,0.0,0.0,0.0,1.0,0.0,0.3,0.3,0.0,0.3,7.0,10.0,10.0,0.0,0.0,0.0,0.0,0.0,0.1,0.01,0.12,0.1,0.12
Youssef Maleh,MF,1998.0,23.0,22.0,1835.0,20.4,0.0,0.0,0.0,0.0,0.0,0.0,9.0,0.0,1.0,1.0,1.8,2.8,12.0,82.0,51.0,0.0,0.0,0.0,0.0,0.0,0.05,0.09,0.14,0.05,0.14
Ruslan Malinovskyi,MF,1993.0,23.0,17.0,1389.0,15.4,3.0,1.0,4.0,3.0,0.0,0.0,7.0,0.0,0.8,0.8,0.4,1.3,20.0,68.0,27.0,0.19,0.06,0.26,0.19,0.26,0.05,0.03,0.08,0.05,0.08
Player,Pos,,,,,,,,,,,,,,,,,,,,,,,,,,,,,,
Gianluca Mancini,DF,1996.0,25.0,25.0,2102.0,23.4,3.0,1.0,4.0,3.0,0.0,0.0,7.0,0.0,1.8,1.8,0.8,2.6,23.0,95.0,11.0,0.13,0.04,0.17,0.13,0.17,0.08,0.04,0.11,0.08,0.11
Marco Mancosu,"MF,FW",1988.0,5.0,3.0,155.0,1.7,0.0,0.0,0.0,0.0,0.0,1.0,0.0,0.0,1.2,0.5,0.2,0.7,4.0,8.0,11.0,0.0,0.0,0.0,0.0,0.0,0.72,0.13,0.85,0.29,0.42
Rolando Mandragora,MF,1997.0,23.0,11.0,1103.0,12.3,2.0,2.0,4.0,2.0,0.0,0.0,2.0,0.0,1.7,1.7,0.9,2.6,4.0,67.0,23.0,0.16,0.16,0.33,0.16,0.33,0.14,0.07,0.21,0.14,0.21
Kostas Manolas,DF,1991.0,1.0,1.0,60.0,0.7,0.0,0.0,0.0,0.0,0.0,0.0,0.0,0.0,0.0,0.0,0.0,0.0,0.0,1.0,0.0,0.0,0.0,0.0,0.0,0.0,0.0,0.0,0.0,0.0,0.0
Riccardo Marchizza,DF,1998.0,13.0,13.0,1148.0,12.8,0.0,4.0,4.0,0.0,0.0,0.0,1.0,0.0,0.4,0.4,0.8,1.2,6.0,36.0,39.0,0.0,0.31,0.31,0.0,0.31,0.03,0.06,0.1,0.03,0.1
Gian Marco Ferrari,DF,1992.0,18.0,12.0,1102.0,12.2,1.0,0.0,1.0,1.0,0.0,0.0,3.0,0.0,1.1,1.1,0.2,1.3,19.0,82.0,4.0,0.08,0.0,0.08,0.08,0.08,0.09,0.02,0.11,0.09,0.11
Pablo Marí,DF,1993.0,22.0,18.0,1553.0,17.3,0.0,0.0,0.0,0.0,0.0,0.0,7.0,0.0,0.3,0.3,0.3,0.6,1.0,43.0,0.0,0.0,0.0,0.0,0.0,0.0,0.02,0.02,0.04,0.02,0.04
Mirko Marić,FW,1995.0,10.0,1.0,287.0,3.2,1.0,0.0,1.0,1.0,0.0,0.0,0.0,1.0,0.9,0.9,0.5,1.3,2.0,4.0,30.0,0.31,0.0,0.31,0.31,0.31,0.27,0.15,0.42,0.27,0.42
Răzvan Marin,MF,1996.0,20.0,12.0,1057.0,11.7,0.0,2.0,2.0,0.0,0.0,0.0,1.0,0.0,0.6,0.6,1.8,2.4,11.0,36.0,22.0,0.0,0.17,0.17,0.0,0.17,0.05,0.15,0.2,0.05,0.2
Agustín Martegani,MF,2000.0,15.0,6.0,682.0,7.6,1.0,0.0,1.0,1.0,0.0,0.0,1.0,0.0,0.6,0.6,0.5,1.1,13.0,24.0,19.0,0.13,0.0,0.13,0.13,0.13,0.07,0.07,0.14,0.07,0.14
Aarón Martín,DF,1997.0,14.0,9.0,758.0,8.4,0.0,0.0,0.0,0.0,0.0,0.0,4.0,1.0,0.1,0.1,1.1,1.2,13.0,17.0,47.0,0.0,0.0,0.0,0.0,0.0,0.01,0.13,0.14,0.01,0.14
Josep Martinez,GK,1998.0,25.0,25.0,2249.0,25.0,0.0,0.0,0.0,0.0,0.0,0.0,4.0,1.0,0.0,0.0,0.0,0.0,0.0,1.0,0.0,0.0,0.0,0.0,0.0,0.0,0.0,0.0,0.0,0.0,0.0
Lautaro Martínez,FW,1997.0,23.0,22.0,1883.0,20.9,22.0,2.0,24.0,20.0,2.0,2.0,2.0,0.0,13.4,11.8,1.8,13.6,41.0,64.0,122.0,1.05,0.1,1.15,0.96,1.05,0.64,0.09,0.73,0.56,0.65
Lucas Martínez Quarta,DF,1996.0,21.0,19.0,1659.0,18.4,4.0,0.0,4.0,4.0,0.0,0.0,5.0,0.0,1.9,1.9,0.4,2.3,12.0,130.0,12.0,0.22,0.0,0.22,0.22,0.22,0.1,0.02,0.12,0.1,0.12
Adam Marušić,DF,1992.0,26.0,26.0,2156.0,24.0,0.0,0.0,0.0,0.0,0.0,0.0,3.0,0.0,0.1,0.1,0.6,0.7,26.0,82.0,57.0,0.0,0.0,0.0,0.0,0.0,0.0,0.03,0.03,0.0,0.03
Adam Masina,DF,1994.0,4.0,1.0,64.0,0.7,0.0,0.0,0.0,0.0,0.0,0.0,2.0,0.0,0.1,0.1,0.0,0.1,0.0,1.0,3.0,0.0,0.0,0.0,0.0,0.0,0.08,0.0,0.08,0.08,0.08
Adam Masina,DF,1994.0,5.0,3.0,373.0,4.1,0.0,0.0,0.0,0.0,0.0,0.0,0.0,0.0,0.2,0.2,0.1,0.3,1.0,20.0,5.0,0.0,0.0,0.0,0.0,0.0,0.05,0.02,0.06,0.05,0.06
Alan Matturro,DF,2004.0,5.0,1.0,92.0,1.0,0.0,0.0,0.0,0.0,0.0,0.0,0.0,0.0,0.0,0.0,0.0,0.0,0.0,4.0,1.0,0.0,0.0,0.0,0.0,0.0,0.0,0.0,0.0,0.0,0.0
Luca Mazzitelli,MF,1995.0,19.0,17.0,1486.0,16.5,5.0,0.0,5.0,5.0,0.0,0.0,5.0,1.0,1.7,1.7,1.0,2.7,12.0,118.0,37.0,0.3,0.0,0.3,0.3,0.3,0.1,0.06,0.16,0.1,0.16
Pasquale Mazzocchi,DF,1995.0,18.0,16.0,1272.0,14.1,0.0,1.0,1.0,0.0,0.0,0.0,4.0,0.0,0.3,0.3,1.3,1.6,36.0,36.0,62.0,0.0,0.07,0.07,0.0,0.07,0.02,0.09,0.11,0.02,0.11
Pasquale Mazzocchi,DF,1995.0,6.0,3.0,277.0,3.1,0.0,1.0,1.0,0.0,0.0,0.0,0.0,1.0,0.1,0.1,0.0,0.2,10.0,13.0,16.0,0.0,0.32,0.32,0.0,0.32,0.04,0.02,0.06,0.04,0.06
Jordi Mboula,"FW,MF",1999.0,11.0,5.0,307.0,3.4,0.0,1.0,1.0,0.0,0.0,0.0,0.0,0.0,0.2,0.2,0.4,0.6,10.0,4.0,22.0,0.0,0.29,0.29,0.0,0.29,0.06,0.11,0.17,0.06,0.17
Weston McKennie,"MF,FW",1998.0,25.0,23.0,2047.0,22.7,0.0,5.0,5.0,0.0,0.0,0.0,6.0,0.0,2.9,2.9,3.3,6.1,53.0,73.0,145.0,0.0,0.22,0.22,0.0,0.22,0.13,0.14,0.27,0.13,0.27
Arthur Melo,MF,1996.0,25.0,19.0,1595.0,17.7,0.0,1.0,1.0,0.0,0.0,0.0,1.0,0.0,0.1,0.1,1.5,1.6,17.0,103.0,23.0,0.0,0.06,0.06,0.0,0.06,0.01,0.08,0.09,0.01,0.09
Leonardo Mendicino,MF,2006.0,1.0,0.0,1.0,0.0,0.0,0.0,0.0,0.0,0.0,0.0,0.0,0.0,0.0,0.0,0.0,0.0,0.0,0.0,0.0,0.0,0.0,0.0,0.0,0.0,0.0,0.0,0.0,0.0,0.0
Player,Pos,,,,,,,,,,,,,,,,,,,,,,,,,,,,,,
Alex Meret,GK,1997.0,18.0,18.0,1603.0,17.8,0.0,0.0,0.0,0.0,0.0,0.0,0.0,0.0,0.0,0.0,0.0,0.0,0.0,0.0,0.0,0.0,0.0,0.0,0.0,0.0,0.0,0.0,0.0,0.0,0.0
Junior Messias,"MF,DF",1991.0,12.0,7.0,588.0,6.5,1.0,0.0,1.0,1.0,0.0,0.0,0.0,0.0,0.9,0.9,0.8,1.7,25.0,19.0,44.0,0.15,0.0,0.15,0.15,0.15,0.14,0.12,0.26,0.14,0.26
Nikola Milenković,DF,1997.0,24.0,19.0,1805.0,20.1,0.0,0.0,0.0,0.0,0.0,0.0,3.0,0.0,0.3,0.3,0.4,0.7,4.0,54.0,6.0,0.0,0.0,0.0,0.0,0.0,0.02,0.02,0.04,0.02,0.04
Arkadiusz Milik,FW,1994.0,24.0,5.0,669.0,7.4,2.0,1.0,3.0,2.0,0.0,0.0,2.0,1.0,3.9,3.9,2.1,6.1,9.0,18.0,34.0,0.27,0.13,0.4,0.27,0.4,0.53,0.29,0.82,0.53,0.82
Vanja Milinković-Savić,GK,1997.0,25.0,25.0,2250.0,25.0,0.0,0.0,0.0,0.0,0.0,0.0,2.0,0.0,0.0,0.0,0.0,0.0,0.0,0.0,0.0,0.0,0.0,0.0,0.0,0.0,0.0,0.0,0.0,0.0,0.0
Yerry Mina,"DF,MF",1994.0,4.0,0.0,44.0,0.5,0.0,0.0,0.0,0.0,0.0,0.0,1.0,0.0,0.1,0.1,0.0,0.1,0.0,2.0,1.0,0.0,0.0,0.0,0.0,0.0,0.12,0.0,0.12,0.12,0.12
Yerry Mina,DF,1994.0,4.0,4.0,318.0,3.5,0.0,0.0,0.0,0.0,0.0,0.0,0.0,0.0,0.0,0.0,0.0,0.0,1.0,6.0,0.0,0.0,0.0,0.0,0.0,0.0,0.0,0.0,0.0,0.0,0.0
Aleksei Miranchuk,"MF,FW",1995.0,16.0,7.0,712.0,7.9,2.0,3.0,5.0,2.0,0.0,0.0,1.0,0.0,3.0,3.0,2.7,5.8,22.0,47.0,75.0,0.25,0.38,0.63,0.25,0.63,0.38,0.35,0.73,0.38,0.73
Kevin Miranda,DF,2003.0,1.0,0.0,14.0,0.2,0.0,0.0,0.0,0.0,0.0,0.0,0.0,0.0,0.0,0.0,0.0,0.0,0.0,0.0,0.0,0.0,0.0,0.0,0.0,0.0,0.0,0.0,0.0,0.0,0.0
Antonio Mirante,GK,1983.0,1.0,1.0,90.0,1.0,0.0,0.0,0.0,0.0,0.0,0.0,0.0,0.0,0.0,0.0,0.0,0.0,0.0,0.0,0.0,0.0,0.0,0.0,0.0,0.0,0.0,0.0,0.0,0.0,0.0
Fabio Miretti,MF,2003.0,17.0,11.0,728.0,8.1,1.0,1.0,2.0,1.0,0.0,0.0,2.0,0.0,0.5,0.5,0.8,1.3,15.0,26.0,43.0,0.12,0.12,0.25,0.12,0.25,0.07,0.1,0.17,0.07,0.17
Filippo Missori,DF,2004.0,3.0,0.0,68.0,0.8,0.0,0.0,0.0,0.0,0.0,0.0,0.0,0.0,0.1,0.1,0.0,0.1,3.0,4.0,2.0,0.0,0.0,0.0,0.0,0.0,0.14,0.04,0.18,0.14,0.18
Stefan Mitrović,FW,2002.0,1.0,0.0,33.0,0.4,0.0,0.0,0.0,0.0,0.0,0.0,0.0,0.0,0.0,0.0,0.0,0.0,1.0,2.0,2.0,0.0,0.0,0.0,0.0,0.0,0.0,0.0,0.0,0.0,0.0
Henrikh Mkhitaryan,MF,1989.0,25.0,24.0,1997.0,22.2,2.0,6.0,8.0,2.0,0.0,0.0,4.0,0.0,2.8,2.8,3.8,6.6,70.0,138.0,84.0,0.09,0.27,0.36,0.09,0.36,0.13,0.17,0.3,0.13,0.3
Ilario Monterisi,DF,2001.0,21.0,16.0,1446.0,16.1,2.0,2.0,4.0,2.0,0.0,0.0,1.0,0.0,1.1,1.1,0.4,1.5,4.0,47.0,18.0,0.12,0.12,0.25,0.12,0.25,0.07,0.02,0.09,0.07,0.09
Lorenzo Montipò,GK,1996.0,26.0,26.0,2340.0,26.0,0.0,1.0,1.0,0.0,0.0,0.0,0.0,0.0,0.0,0.0,0.0,0.0,0.0,0.0,0.0,0.0,0.04,0.04,0.0,0.04,0.0,0.0,0.0,0.0,0.0
Nikola Moro,MF,1998.0,20.0,9.0,696.0,7.7,1.0,0.0,1.0,1.0,0.0,0.0,0.0,0.0,0.7,0.7,0.3,1.0,15.0,45.0,36.0,0.13,0.0,0.13,0.13,0.13,0.09,0.03,0.13,0.09,0.13
Dany Mota,"FW,MF",1998.0,25.0,17.0,1549.0,17.2,3.0,2.0,5.0,3.0,0.0,0.0,3.0,0.0,3.1,3.1,1.9,5.0,90.0,51.0,111.0,0.17,0.12,0.29,0.17,0.29,0.18,0.11,0.29,0.18,0.29
Samuele Mulattieri,"FW,MF",2000.0,20.0,0.0,259.0,2.9,0.0,0.0,0.0,0.0,0.0,0.0,1.0,0.0,1.2,1.2,0.2,1.4,6.0,0.0,22.0,0.0,0.0,0.0,0.0,0.0,0.42,0.06,0.48,0.42,0.48
Luis Muriel,"FW,MF",1991.0,18.0,2.0,409.0,4.5,2.0,1.0,3.0,2.0,0.0,0.0,0.0,0.0,1.5,1.5,1.7,3.3,19.0,24.0,57.0,0.44,0.22,0.66,0.44,0.66,0.34,0.38,0.72,0.34,0.72
Yunus Musah,"MF,FW",2002.0,21.0,8.0,990.0,11.0,0.0,1.0,1.0,0.0,0.0,0.0,4.0,0.0,0.4,0.4,0.6,1.1,28.0,41.0,47.0,0.0,0.09,0.09,0.0,0.09,0.04,0.06,0.1,0.04,0.1
Juan Musso,GK,1994.0,10.0,10.0,900.0,10.0,0.0,0.0,0.0,0.0,0.0,0.0,0.0,0.0,0.0,0.0,0.0,0.0,0.0,0.0,0.0,0.0,0.0,0.0,0.0,0.0,0.0,0.0,0.0,0.0,0.0
Obite N'Dicka,DF,1999.0,16.0,16.0,1422.0,15.8,0.0,1.0,1.0,0.0,0.0,0.0,3.0,0.0,0.5,0.5,0.6,1.1,10.0,44.0,8.0,0.0,0.06,0.06,0.0,0.06,0.03,0.04,0.07,0.03,0.07
Nahitan Nández,"MF,DF",1995.0,22.0,19.0,1483.0,16.5,1.0,1.0,2.0,0.0,1.0,1.0,4.0,0.0,2.9,2.1,1.6,3.6,38.0,60.0,56.0,0.06,0.06,0.12,0.0,0.06,0.17,0.1,0.27,0.13,0.22
Natan,DF,2001.0,12.0,10.0,878.0,9.8,0.0,0.0,0.0,0.0,0.0,0.0,3.0,1.0,0.4,0.4,0.1,0.5,15.0,32.0,9.0,0.0,0.0,0.0,0.0,0.0,0.04,0.01,0.05,0.04,0.05
Player,Pos,,,,,,,,,,,,,,,,,,,,,,,,,,,,,,
Michel Ndary Adopo,"MF,DF",2000.0,8.0,0.0,52.0,0.6,0.0,1.0,1.0,0.0,0.0,0.0,0.0,0.0,0.1,0.1,0.1,0.1,2.0,5.0,10.0,0.0,1.73,1.73,0.0,1.73,0.12,0.09,0.2,0.12,0.2
Dan Ndoye,"FW,MF",2000.0,21.0,13.0,1163.0,12.9,0.0,1.0,1.0,0.0,0.0,0.0,3.0,0.0,2.0,2.0,1.5,3.5,67.0,27.0,107.0,0.0,0.08,0.08,0.0,0.08,0.15,0.11,0.27,0.15,0.27
Cyril Ngonge,"FW,MF",2000.0,19.0,17.0,1431.0,15.9,6.0,2.0,8.0,6.0,0.0,0.0,4.0,0.0,4.2,3.4,1.7,5.1,53.0,44.0,117.0,0.38,0.13,0.5,0.38,0.5,0.27,0.11,0.37,0.21,0.32
Cyril Ngonge,FW,2000.0,4.0,0.0,75.0,0.8,1.0,0.0,1.0,1.0,0.0,0.0,0.0,0.0,0.6,0.6,0.0,0.6,3.0,0.0,10.0,1.2,0.0,1.2,1.2,1.2,0.69,0.0,0.69,0.69,0.69
M'Baye Niang,FW,1994.0,3.0,0.0,102.0,1.1,3.0,1.0,4.0,0.0,3.0,3.0,0.0,0.0,2.6,0.4,0.6,1.0,0.0,4.0,6.0,2.65,0.88,3.53,0.0,0.88,2.34,0.56,2.89,0.32,0.87
Hans Nicolussi Caviglia,MF,2000.0,6.0,3.0,241.0,2.7,0.0,1.0,1.0,0.0,0.0,0.0,1.0,0.0,0.1,0.1,0.6,0.7,0.0,12.0,0.0,0.0,0.37,0.37,0.0,0.37,0.04,0.22,0.26,0.04,0.26
Rasmus Nissen,DF,1997.0,24.0,15.0,1457.0,16.2,1.0,1.0,2.0,1.0,0.0,0.0,4.0,0.0,0.4,0.4,0.8,1.3,15.0,34.0,100.0,0.06,0.06,0.12,0.06,0.12,0.03,0.05,0.08,0.03,0.08
Joseph Nonge,MF,2005.0,1.0,0.0,10.0,0.1,0.0,0.0,0.0,0.0,0.0,0.0,0.0,0.0,0.0,0.0,0.0,0.0,0.0,1.0,2.0,0.0,0.0,0.0,0.0,0.0,0.0,0.0,0.0,0.0,0.0
Tijjani Noslin,FW,1999.0,5.0,5.0,329.0,3.7,1.0,0.0,1.0,1.0,0.0,0.0,0.0,0.0,0.3,0.3,0.4,0.7,5.0,3.0,18.0,0.27,0.0,0.27,0.27,0.27,0.07,0.12,0.19,0.07,0.19
Simeon Nwankwo,FW,1992.0,9.0,5.0,488.0,5.4,1.0,0.0,1.0,1.0,0.0,0.0,0.0,0.0,1.0,1.0,0.1,1.1,4.0,6.0,24.0,0.18,0.0,0.18,0.18,0.18,0.19,0.01,0.2,0.19,0.2
M'Bala Nzola,FW,1996.0,25.0,12.0,1271.0,14.1,2.0,2.0,4.0,1.0,1.0,1.0,1.0,0.0,4.3,3.5,1.0,4.5,18.0,22.0,122.0,0.14,0.14,0.28,0.07,0.21,0.3,0.07,0.37,0.25,0.32
Adam Obert,DF,2002.0,11.0,6.0,575.0,6.4,0.0,0.0,0.0,0.0,0.0,0.0,1.0,0.0,0.0,0.0,0.6,0.6,9.0,23.0,3.0,0.0,0.0,0.0,0.0,0.0,0.01,0.09,0.09,0.01,0.09
Pedro Obiang,MF,1992.0,1.0,0.0,10.0,0.1,0.0,0.0,0.0,0.0,0.0,0.0,0.0,0.0,0.0,0.0,0.0,0.0,0.0,0.0,1.0,0.0,0.0,0.0,0.0,0.0,0.0,0.0,0.0,0.0,0.0
Guillermo Ochoa,GK,1985.0,18.0,18.0,1620.0,18.0,0.0,0.0,0.0,0.0,0.0,0.0,0.0,0.0,0.0,0.0,0.0,0.0,0.0,0.0,0.0,0.0,0.0,0.0,0.0,0.0,0.0,0.0,0.0,0.0,0.0
Jens Odgaard,FW,1999.0,2.0,0.0,33.0,0.4,2.0,0.0,2.0,2.0,0.0,0.0,0.0,0.0,1.1,1.1,0.0,1.1,1.0,1.0,1.0,5.45,0.0,5.45,5.45,5.45,3.02,0.0,3.02,3.02,3.02
Noah Okafor,"FW,MF",2000.0,18.0,3.0,504.0,5.6,4.0,0.0,4.0,4.0,0.0,0.0,1.0,0.0,2.4,2.4,0.0,2.5,17.0,8.0,35.0,0.71,0.0,0.71,0.71,0.71,0.43,0.01,0.44,0.43,0.44
David Okereke,"FW,MF",1997.0,3.0,0.0,30.0,0.3,0.0,0.0,0.0,0.0,0.0,0.0,0.0,0.0,0.1,0.1,0.0,0.1,3.0,0.0,7.0,0.0,0.0,0.0,0.0,0.0,0.16,0.0,0.16,0.16,0.16
Caleb Okoli,DF,2001.0,22.0,20.0,1856.0,20.6,0.0,0.0,0.0,0.0,0.0,0.0,6.0,0.0,0.3,0.3,0.1,0.3,13.0,67.0,2.0,0.0,0.0,0.0,0.0,0.0,0.01,0.0,0.02,0.01,0.02
Maduka Okoye,GK,1999.0,9.0,9.0,810.0,9.0,0.0,0.0,0.0,0.0,0.0,0.0,0.0,0.0,0.0,0.0,0.0,0.0,0.0,0.0,0.0,0.0,0.0,0.0,0.0,0.0,0.0,0.0,0.0,0.0,0.0
Mathías Olivera,DF,1997.0,14.0,10.0,875.0,9.7,0.0,1.0,1.0,0.0,0.0,0.0,3.0,0.0,0.2,0.2,0.5,0.7,11.0,39.0,60.0,0.0,0.1,0.1,0.0,0.1,0.02,0.05,0.07,0.02,0.07
Gaetano Oristanio,"FW,MF",2002.0,19.0,9.0,865.0,9.6,2.0,1.0,3.0,2.0,0.0,0.0,1.0,0.0,1.5,1.5,0.8,2.3,22.0,23.0,56.0,0.21,0.1,0.31,0.21,0.31,0.16,0.08,0.24,0.16,0.24
Riccardo Orsolini,"FW,MF",1997.0,22.0,14.0,1289.0,14.3,9.0,2.0,11.0,7.0,2.0,3.0,1.0,0.0,5.6,3.3,2.5,5.8,42.0,47.0,121.0,0.63,0.14,0.77,0.49,0.63,0.39,0.17,0.57,0.23,0.4
Victor Osimhen,FW,1998.0,14.0,12.0,1075.0,11.9,8.0,2.0,10.0,6.0,2.0,3.0,4.0,1.0,7.3,4.9,1.8,6.7,20.0,14.0,72.0,0.67,0.17,0.84,0.5,0.67,0.61,0.15,0.76,0.41,0.56
Remi Oudin,"MF,FW",1996.0,20.0,15.0,1252.0,13.9,3.0,1.0,4.0,3.0,0.0,0.0,2.0,0.0,1.1,1.1,4.3,5.4,19.0,59.0,62.0,0.22,0.07,0.29,0.22,0.29,0.08,0.31,0.39,0.08,0.39
Anthony Oyono,DF,2001.0,16.0,14.0,1198.0,13.3,0.0,1.0,1.0,0.0,0.0,0.0,4.0,0.0,0.1,0.1,0.9,1.0,35.0,33.0,39.0,0.0,0.08,0.08,0.0,0.08,0.01,0.07,0.08,0.01,0.08
Player,Pos,,,,,,,,,,,,,,,,,,,,,,,,,,,,,,
Simone Pafundi,MF,2006.0,1.0,0.0,8.0,0.1,0.0,0.0,0.0,0.0,0.0,0.0,0.0,0.0,0.0,0.0,0.0,0.0,0.0,1.0,1.0,0.0,0.0,0.0,0.0,0.0,0.0,0.0,0.0,0.0,0.0
Riccardo Pagano,"MF,DF",2004.0,4.0,0.0,51.0,0.6,0.0,0.0,0.0,0.0,0.0,0.0,0.0,0.0,0.1,0.1,0.0,0.1,1.0,3.0,2.0,0.0,0.0,0.0,0.0,0.0,0.1,0.09,0.18,0.1,0.18
Leandro Paredes,MF,1994.0,24.0,22.0,1838.0,20.4,2.0,4.0,6.0,0.0,2.0,2.0,11.0,0.0,2.2,0.6,1.7,2.4,19.0,129.0,12.0,0.1,0.2,0.29,0.0,0.2,0.11,0.08,0.19,0.03,0.12
Fabiano Parisi,DF,2000.0,15.0,11.0,1002.0,11.1,0.0,1.0,1.0,0.0,0.0,0.0,3.0,0.0,0.8,0.8,1.6,2.4,33.0,54.0,47.0,0.0,0.09,0.09,0.0,0.09,0.07,0.14,0.21,0.07,0.21
Mario Pašalić,"MF,FW",1995.0,22.0,11.0,1069.0,11.9,4.0,3.0,7.0,4.0,0.0,0.0,2.0,0.0,4.0,4.0,2.6,6.6,28.0,54.0,49.0,0.34,0.25,0.59,0.34,0.59,0.34,0.22,0.56,0.34,0.56
Triantafyllos Pasaridīs,DF,1996.0,3.0,3.0,252.0,2.8,0.0,0.0,0.0,0.0,0.0,0.0,1.0,0.0,,,,,,,,0.0,0.0,0.0,0.0,0.0,,,,,
Patric,DF,1993.0,13.0,13.0,1023.0,11.4,1.0,0.0,1.0,1.0,0.0,0.0,3.0,0.0,0.4,0.4,0.0,0.4,2.0,39.0,1.0,0.09,0.0,0.09,0.09,0.09,0.03,0.0,0.04,0.03,0.04
Rui Patrício,GK,1988.0,23.0,23.0,2070.0,23.0,0.0,0.0,0.0,0.0,0.0,0.0,1.0,0.0,0.0,0.0,0.0,0.0,0.0,0.0,0.0,0.0,0.0,0.0,0.0,0.0,0.0,0.0,0.0,0.0,0.0
Benjamin Pavard,DF,1996.0,14.0,12.0,925.0,10.3,0.0,0.0,0.0,0.0,0.0,0.0,3.0,0.0,0.5,0.5,0.6,1.1,14.0,51.0,28.0,0.0,0.0,0.0,0.0,0.0,0.05,0.06,0.11,0.05,0.11
Leonardo Pavoletti,FW,1988.0,19.0,5.0,628.0,7.0,4.0,1.0,5.0,4.0,0.0,0.0,4.0,0.0,2.6,2.6,0.3,2.9,1.0,16.0,40.0,0.57,0.14,0.72,0.57,0.72,0.37,0.04,0.41,0.37,0.41
Martín Payero,MF,1998.0,19.0,12.0,1070.0,11.9,1.0,1.0,2.0,1.0,0.0,0.0,2.0,1.0,1.1,1.1,0.6,1.7,30.0,51.0,44.0,0.08,0.08,0.17,0.08,0.17,0.09,0.05,0.14,0.09,0.14
Marcus Pedersen,DF,2000.0,22.0,12.0,1221.0,13.6,0.0,2.0,2.0,0.0,0.0,0.0,4.0,0.0,0.1,0.1,1.0,1.1,35.0,24.0,76.0,0.0,0.15,0.15,0.0,0.15,0.01,0.07,0.08,0.01,0.08
Pedro,FW,1987.0,24.0,4.0,615.0,6.8,1.0,0.0,1.0,1.0,0.0,0.0,3.0,0.0,1.1,1.1,1.7,2.8,26.0,22.0,69.0,0.15,0.0,0.15,0.15,0.15,0.16,0.25,0.41,0.16,0.41
Pietro Pellegri,"FW,MF",2001.0,18.0,4.0,504.0,5.6,0.0,0.0,0.0,0.0,0.0,0.0,2.0,0.0,0.7,0.7,0.0,0.7,8.0,3.0,32.0,0.0,0.0,0.0,0.0,0.0,0.12,0.0,0.12,0.12,0.12
Lorenzo Pellegrini,MF,1996.0,18.0,12.0,1161.0,12.9,5.0,3.0,8.0,5.0,0.0,0.0,4.0,0.0,2.5,2.5,1.7,4.2,29.0,56.0,57.0,0.39,0.23,0.62,0.39,0.62,0.19,0.13,0.32,0.19,0.32
Luca Pellegrini,DF,1999.0,14.0,4.0,538.0,6.0,1.0,0.0,1.0,1.0,0.0,0.0,4.0,0.0,0.2,0.2,0.0,0.3,16.0,38.0,17.0,0.17,0.0,0.17,0.17,0.17,0.04,0.01,0.04,0.04,0.04
Marco Pellegrino,DF,,4.0,3.0,300.0,3.3,0.0,0.0,0.0,0.0,0.0,0.0,0.0,0.0,0.0,0.0,0.0,0.1,0.0,4.0,1.0,0.0,0.0,0.0,0.0,0.0,0.01,0.01,0.02,0.01,0.02
Marco Pellegrino,DF,,1.0,0.0,68.0,0.8,0.0,0.0,0.0,0.0,0.0,0.0,0.0,0.0,0.0,0.0,0.0,0.0,1.0,3.0,0.0,0.0,0.0,0.0,0.0,0.0,0.03,0.0,0.03,0.03,0.03
Pepín,"MF,FW",1996.0,9.0,2.0,236.0,2.6,0.0,0.0,0.0,0.0,0.0,0.0,2.0,0.0,0.1,0.1,0.1,0.2,1.0,13.0,12.0,0.0,0.0,0.0,0.0,0.0,0.05,0.02,0.07,0.05,0.07
Pedro Pereira,DF,1998.0,17.0,8.0,666.0,7.4,0.0,2.0,2.0,0.0,0.0,0.0,3.0,0.0,0.2,0.2,0.5,0.7,16.0,34.0,61.0,0.0,0.27,0.27,0.0,0.27,0.03,0.06,0.09,0.03,0.09
Roberto Pereyra,"FW,MF",1991.0,19.0,15.0,1242.0,13.8,3.0,2.0,5.0,2.0,1.0,1.0,5.0,0.0,3.0,2.2,1.5,3.7,26.0,46.0,64.0,0.22,0.14,0.36,0.14,0.29,0.21,0.11,0.33,0.16,0.27
Nehuén Pérez,DF,2000.0,26.0,26.0,2340.0,26.0,0.0,0.0,0.0,0.0,0.0,0.0,4.0,0.0,1.1,1.1,0.1,1.2,23.0,89.0,19.0,0.0,0.0,0.0,0.0,0.0,0.04,0.01,0.05,0.04,0.05
Mattia Perin,GK,1992.0,2.0,2.0,180.0,2.0,0.0,0.0,0.0,0.0,0.0,0.0,0.0,0.0,0.0,0.0,0.0,0.0,0.0,0.0,0.0,0.0,0.0,0.0,0.0,0.0,0.0,0.0,0.0,0.0,0.0
Samuele Perisan,GK,1997.0,1.0,1.0,90.0,1.0,0.0,0.0,0.0,0.0,0.0,0.0,0.0,0.0,0.0,0.0,0.0,0.0,0.0,0.0,0.0,0.0,0.0,0.0,0.0,0.0,0.0,0.0,0.0,0.0,0.0
Matteo Pessina,MF,1997.0,26.0,26.0,2256.0,25.1,4.0,2.0,6.0,1.0,3.0,4.0,3.0,0.0,3.9,0.8,0.9,1.7,53.0,138.0,30.0,0.16,0.08,0.24,0.04,0.12,0.16,0.04,0.19,0.03,0.07
Player,Pos,,,,,,,,,,,,,,,,,,,,,,,,,,,,,,
Andrea Petagna,FW,1995.0,18.0,13.0,995.0,11.1,1.0,1.0,2.0,1.0,0.0,0.0,2.0,0.0,1.6,1.6,1.0,2.6,11.0,14.0,56.0,0.09,0.09,0.18,0.09,0.18,0.15,0.09,0.23,0.15,0.23
Giuseppe Pezzella,DF,1997.0,8.0,4.0,338.0,3.8,0.0,0.0,0.0,0.0,0.0,0.0,1.0,0.0,0.1,0.1,0.0,0.1,22.0,21.0,11.0,0.0,0.0,0.0,0.0,0.0,0.03,0.01,0.04,0.03,0.04
Roberto Piccoli,FW,2001.0,2.0,0.0,39.0,0.4,0.0,0.0,0.0,0.0,0.0,0.0,0.0,0.0,0.1,0.1,0.0,0.1,0.0,1.0,0.0,0.0,0.0,0.0,0.0,0.0,0.12,0.0,0.12,0.12,0.12
Roberto Piccoli,FW,2001.0,24.0,5.0,752.0,8.4,4.0,0.0,4.0,3.0,1.0,1.0,2.0,0.0,2.5,1.7,0.1,1.9,11.0,11.0,38.0,0.48,0.0,0.48,0.36,0.36,0.3,0.01,0.32,0.21,0.22
Santiago Pierotti,"MF,DF",2001.0,2.0,0.0,26.0,0.3,0.0,0.0,0.0,0.0,0.0,0.0,0.0,0.0,0.2,0.2,0.0,0.2,0.0,1.0,5.0,0.0,0.0,0.0,0.0,0.0,0.56,0.0,0.56,0.56,0.56
Niccolò Pierozzi,DF,2001.0,5.0,4.0,323.0,3.6,0.0,0.0,0.0,0.0,0.0,0.0,2.0,0.0,0.1,0.1,0.0,0.1,3.0,8.0,11.0,0.0,0.0,0.0,0.0,0.0,0.01,0.01,0.03,0.01,0.03
Andrea Pinamonti,FW,1999.0,25.0,25.0,2019.0,22.4,9.0,0.0,9.0,8.0,1.0,2.0,2.0,0.0,6.3,4.7,0.9,5.6,11.0,25.0,93.0,0.4,0.0,0.4,0.36,0.36,0.28,0.04,0.32,0.21,0.25
Lorenzo Pirola,DF,2002.0,17.0,15.0,1205.0,13.4,1.0,0.0,1.0,1.0,0.0,0.0,2.0,0.0,0.6,0.6,0.0,0.6,8.0,35.0,7.0,0.07,0.0,0.07,0.07,0.07,0.05,0.0,0.05,0.05,0.05
Niccolò Pisilli,MF,2004.0,1.0,0.0,10.0,0.1,0.0,0.0,0.0,0.0,0.0,0.0,0.0,0.0,0.0,0.0,0.0,0.0,0.0,0.0,1.0,0.0,0.0,0.0,0.0,0.0,0.0,0.0,0.0,0.0,0.0
Tommaso Pobega,MF,1999.0,9.0,3.0,299.0,3.3,0.0,0.0,0.0,0.0,0.0,0.0,0.0,0.0,0.2,0.2,0.0,0.2,6.0,10.0,9.0,0.0,0.0,0.0,0.0,0.0,0.07,0.0,0.07,0.07,0.07
Paul Pogba,MF,1993.0,2.0,0.0,54.0,0.6,0.0,0.0,0.0,0.0,0.0,0.0,0.0,0.0,0.0,0.0,0.0,0.0,1.0,5.0,5.0,0.0,0.0,0.0,0.0,0.0,0.0,0.02,0.02,0.0,0.02
Matteo Politano,FW,1993.0,24.0,19.0,1492.0,16.6,6.0,3.0,9.0,4.0,2.0,2.0,2.0,1.0,5.1,3.6,3.6,7.2,77.0,107.0,144.0,0.36,0.18,0.54,0.24,0.42,0.31,0.22,0.53,0.21,0.43
Marin Pongračić,DF,1997.0,24.0,24.0,2139.0,23.8,0.0,0.0,0.0,0.0,0.0,0.0,8.0,1.0,1.0,1.0,0.2,1.1,24.0,81.0,3.0,0.0,0.0,0.0,0.0,0.0,0.04,0.01,0.05,0.04,0.05
Stefan Posch,DF,1997.0,21.0,19.0,1596.0,17.7,0.0,2.0,2.0,0.0,0.0,0.0,6.0,0.0,0.6,0.6,1.2,1.9,28.0,83.0,37.0,0.0,0.11,0.11,0.0,0.11,0.04,0.07,0.11,0.04,0.11
Matteo Prati,MF,2003.0,18.0,16.0,1507.0,16.7,0.0,0.0,0.0,0.0,0.0,0.0,3.0,0.0,1.6,1.6,0.4,1.9,7.0,58.0,13.0,0.0,0.0,0.0,0.0,0.0,0.09,0.02,0.12,0.09,0.12
Ivan Provedel,GK,1994.0,26.0,26.0,2340.0,26.0,0.0,0.0,0.0,0.0,0.0,0.0,0.0,0.0,0.0,0.0,0.0,0.0,0.0,1.0,0.0,0.0,0.0,0.0,0.0,0.0,0.0,0.0,0.0,0.0,0.0
Christian Pulisic,FW,1998.0,24.0,22.0,1748.0,19.4,7.0,6.0,13.0,7.0,0.0,0.0,1.0,0.0,4.1,4.1,3.4,7.6,82.0,52.0,181.0,0.36,0.31,0.67,0.36,0.67,0.21,0.18,0.39,0.21,0.39
George Pușcaș,FW,1996.0,8.0,1.0,191.0,2.1,0.0,0.0,0.0,0.0,0.0,0.0,0.0,0.0,2.1,2.1,0.1,2.2,5.0,3.0,17.0,0.0,0.0,0.0,0.0,0.0,0.98,0.04,1.02,0.98,1.02
Domingos Quina,MF,1999.0,2.0,0.0,13.0,0.1,0.0,0.0,0.0,0.0,0.0,0.0,0.0,0.0,0.0,0.0,0.0,0.0,0.0,1.0,0.0,0.0,0.0,0.0,0.0,0.0,0.0,0.0,0.0,0.0,0.0
Adrien Rabiot,MF,1995.0,22.0,22.0,1918.0,21.3,4.0,3.0,7.0,4.0,0.0,0.0,6.0,0.0,2.6,2.5,3.6,6.2,50.0,80.0,87.0,0.19,0.14,0.33,0.19,0.33,0.12,0.17,0.29,0.12,0.29
Uroš Račić,MF,1998.0,11.0,3.0,387.0,4.3,0.0,0.0,0.0,0.0,0.0,0.0,0.0,0.0,0.4,0.4,0.1,0.5,1.0,18.0,5.0,0.0,0.0,0.0,0.0,0.0,0.1,0.02,0.12,0.1,0.12
Nemanja Radonjić,"MF,FW",1996.0,10.0,4.0,374.0,4.2,3.0,0.0,3.0,3.0,0.0,0.0,1.0,0.0,1.7,1.7,0.2,1.9,11.0,7.0,24.0,0.72,0.0,0.72,0.72,0.72,0.41,0.05,0.46,0.41,0.46
Boris Radunović,GK,1996.0,7.0,7.0,630.0,7.0,0.0,0.0,0.0,0.0,0.0,0.0,0.0,0.0,0.0,0.0,0.0,0.0,0.0,0.0,0.0,0.0,0.0,0.0,0.0,0.0,0.0,0.0,0.0,0.0,0.0
Hamza Rafia,MF,1999.0,21.0,13.0,927.0,10.3,1.0,0.0,1.0,1.0,0.0,0.0,4.0,0.0,0.7,0.7,0.6,1.3,13.0,34.0,31.0,0.1,0.0,0.1,0.1,0.1,0.07,0.06,0.13,0.07,0.13
Ylber Ramadani,MF,1996.0,24.0,24.0,2107.0,23.4,1.0,0.0,1.0,1.0,0.0,0.0,10.0,0.0,0.9,0.9,0.3,1.3,22.0,87.0,8.0,0.04,0.0,0.04,0.04,0.04,0.04,0.01,0.05,0.04,0.05
Player,Pos,,,,,,,,,,,,,,,,,,,,,,,,,,,,,,
Luca Ranieri,DF,1999.0,17.0,14.0,1292.0,14.4,1.0,0.0,1.0,1.0,0.0,0.0,10.0,0.0,0.5,0.5,0.2,0.7,8.0,60.0,3.0,0.07,0.0,0.07,0.07,0.07,0.03,0.02,0.05,0.03,0.05
Filippo Ranocchia,"MF,DF",2001.0,9.0,5.0,476.0,5.3,0.0,0.0,0.0,0.0,0.0,0.0,3.0,0.0,0.2,0.2,0.5,0.8,5.0,21.0,11.0,0.0,0.0,0.0,0.0,0.0,0.04,0.1,0.14,0.04,0.14
Giacomo Raspadori,"FW,MF",2000.0,25.0,12.0,1246.0,13.8,3.0,3.0,6.0,3.0,0.0,1.0,0.0,0.0,4.0,3.3,3.1,6.4,18.0,42.0,107.0,0.22,0.22,0.43,0.22,0.43,0.29,0.22,0.52,0.23,0.46
Federico Ravaglia,GK,1999.0,3.0,3.0,270.0,3.0,0.0,0.0,0.0,0.0,0.0,0.0,0.0,0.0,0.0,0.0,0.0,0.0,0.0,0.0,0.0,0.0,0.0,0.0,0.0,0.0,0.0,0.0,0.0,0.0,0.0
Tijjani Reijnders,MF,1998.0,24.0,23.0,1966.0,21.8,2.0,2.0,4.0,2.0,0.0,0.0,5.0,0.0,2.9,2.9,2.0,4.9,57.0,127.0,58.0,0.09,0.09,0.18,0.09,0.18,0.13,0.09,0.22,0.13,0.22
Reinier,"MF,FW",2002.0,13.0,10.0,738.0,8.2,1.0,2.0,3.0,1.0,0.0,0.0,2.0,0.0,0.8,0.8,1.8,2.6,7.0,26.0,30.0,0.12,0.24,0.37,0.12,0.37,0.1,0.22,0.32,0.1,0.32
Mateo Retegui,FW,1999.0,19.0,17.0,1428.0,15.9,6.0,2.0,8.0,6.0,0.0,0.0,4.0,0.0,4.0,4.0,0.5,4.5,10.0,12.0,79.0,0.38,0.13,0.5,0.38,0.5,0.25,0.03,0.28,0.25,0.28
Samuele Ricci,MF,2001.0,22.0,19.0,1558.0,17.3,1.0,2.0,3.0,1.0,0.0,0.0,4.0,0.0,1.1,1.1,1.7,2.8,33.0,92.0,55.0,0.06,0.12,0.17,0.06,0.17,0.07,0.1,0.16,0.07,0.16
Ricardo Rodríguez,DF,1992.0,24.0,23.0,1883.0,20.9,0.0,1.0,1.0,0.0,0.0,0.0,3.0,0.0,0.1,0.1,0.6,0.8,51.0,89.0,24.0,0.0,0.05,0.05,0.0,0.05,0.01,0.03,0.04,0.01,0.04
Alessio Romagnoli,DF,1995.0,19.0,17.0,1601.0,17.8,0.0,0.0,0.0,0.0,0.0,0.0,4.0,0.0,0.3,0.3,0.1,0.4,5.0,63.0,0.0,0.0,0.0,0.0,0.0,0.0,0.02,0.01,0.02,0.02,0.02
Simone Romagnoli,DF,1990.0,22.0,19.0,1743.0,19.4,1.0,1.0,2.0,1.0,0.0,0.0,5.0,0.0,0.8,0.8,0.4,1.2,1.0,36.0,1.0,0.05,0.05,0.1,0.05,0.1,0.04,0.02,0.06,0.04,0.06
Luka Romero,"FW,MF",2004.0,4.0,0.0,88.0,1.0,0.0,0.0,0.0,0.0,0.0,0.0,1.0,0.0,0.1,0.1,0.0,0.1,4.0,3.0,7.0,0.0,0.0,0.0,0.0,0.0,0.09,0.0,0.09,0.09,0.09
Marten de Roon,"MF,DF",1991.0,23.0,23.0,2070.0,23.0,0.0,5.0,5.0,0.0,0.0,0.0,9.0,0.0,0.3,0.3,0.9,1.2,22.0,138.0,16.0,0.0,0.22,0.22,0.0,0.22,0.01,0.04,0.05,0.01,0.05
Nicolò Rovella,MF,2001.0,18.0,14.0,1160.0,12.9,0.0,0.0,0.0,0.0,0.0,0.0,5.0,0.0,0.6,0.6,0.3,0.9,20.0,45.0,10.0,0.0,0.0,0.0,0.0,0.0,0.05,0.02,0.07,0.05,0.07
Amir Rrahmani,DF,1994.0,20.0,20.0,1755.0,19.5,1.0,0.0,1.0,1.0,0.0,0.0,3.0,0.0,1.5,1.5,0.6,2.0,11.0,82.0,2.0,0.05,0.0,0.05,0.05,0.05,0.07,0.03,0.1,0.07,0.1
Ruan,DF,1999.0,20.0,12.0,1139.0,12.7,0.0,0.0,0.0,0.0,0.0,0.0,5.0,1.0,0.5,0.5,0.6,1.1,5.0,26.0,1.0,0.0,0.0,0.0,0.0,0.0,0.04,0.05,0.09,0.04,0.09
Daniele Rugani,DF,1994.0,13.0,9.0,841.0,9.3,2.0,0.0,2.0,2.0,0.0,0.0,2.0,0.0,1.3,1.3,0.0,1.3,2.0,36.0,2.0,0.21,0.0,0.21,0.21,0.21,0.14,0.0,0.14,0.14,0.14
Matteo Ruggeri,DF,2002.0,23.0,22.0,1827.0,20.3,0.0,3.0,3.0,0.0,0.0,0.0,3.0,0.0,0.4,0.4,1.4,1.7,41.0,109.0,99.0,0.0,0.15,0.15,0.0,0.15,0.02,0.07,0.09,0.02,0.09
Mário Rui,DF,1991.0,15.0,10.0,830.0,9.2,0.0,1.0,1.0,0.0,0.0,0.0,5.0,0.0,0.1,0.1,1.0,1.2,22.0,67.0,46.0,0.0,0.11,0.11,0.0,0.11,0.02,0.11,0.13,0.02,0.13
Stefano Sabelli,DF,1993.0,23.0,22.0,1865.0,20.7,0.0,0.0,0.0,0.0,0.0,0.0,4.0,0.0,0.3,0.3,1.6,1.9,56.0,66.0,74.0,0.0,0.0,0.0,0.0,0.0,0.02,0.08,0.09,0.02,0.09
Alexis Saelemaekers,"FW,MF",1999.0,19.0,13.0,1164.0,12.9,1.0,1.0,2.0,1.0,0.0,0.0,6.0,1.0,1.1,1.1,1.4,2.5,43.0,45.0,112.0,0.08,0.08,0.15,0.08,0.15,0.09,0.11,0.2,0.09,0.2
Lazar Samardzic,MF,2002.0,24.0,19.0,1575.0,17.5,3.0,2.0,5.0,3.0,0.0,0.0,1.0,0.0,1.9,1.9,2.9,4.8,44.0,57.0,46.0,0.17,0.11,0.29,0.17,0.29,0.11,0.17,0.27,0.11,0.27
Junior Sambia,"DF,MF",1996.0,8.0,4.0,449.0,5.0,0.0,0.0,0.0,0.0,0.0,0.0,0.0,0.0,0.3,0.3,0.3,0.6,8.0,20.0,18.0,0.0,0.0,0.0,0.0,0.0,0.06,0.06,0.12,0.06,0.12
Antonio Sanabria,"FW,MF",1996.0,23.0,18.0,1577.0,17.5,3.0,0.0,3.0,2.0,1.0,1.0,2.0,0.0,7.1,6.3,1.3,7.6,16.0,42.0,89.0,0.17,0.0,0.17,0.11,0.11,0.4,0.08,0.48,0.36,0.43
Renato Sanches,MF,1997.0,6.0,1.0,124.0,1.4,1.0,0.0,1.0,1.0,0.0,0.0,2.0,0.0,0.1,0.1,0.2,0.3,5.0,10.0,5.0,0.73,0.0,0.73,0.73,0.73,0.06,0.16,0.22,0.06,0.22
Player,Pos,,,,,,,,,,,,,,,,,,,,,,,,,,,,,,
Alexis Sánchez,FW,1988.0,12.0,2.0,301.0,3.3,0.0,1.0,1.0,0.0,0.0,0.0,0.0,0.0,0.6,0.6,1.4,2.1,6.0,20.0,24.0,0.0,0.3,0.3,0.0,0.3,0.19,0.43,0.62,0.19,0.62
Alex Sandro,DF,1991.0,12.0,6.0,536.0,6.0,0.0,0.0,0.0,0.0,0.0,0.0,1.0,0.0,0.1,0.1,0.8,1.0,14.0,38.0,7.0,0.0,0.0,0.0,0.0,0.0,0.02,0.14,0.16,0.02,0.16
Nicola Sansone,"FW,MF",1991.0,17.0,4.0,552.0,6.1,1.0,2.0,3.0,1.0,0.0,0.0,2.0,0.0,1.5,1.5,0.9,2.4,11.0,22.0,54.0,0.16,0.33,0.49,0.16,0.49,0.25,0.14,0.39,0.25,0.39
Riccardo Saponara,"FW,MF",1991.0,12.0,3.0,342.0,3.8,0.0,0.0,0.0,0.0,0.0,0.0,0.0,0.0,0.1,0.1,0.2,0.3,12.0,14.0,32.0,0.0,0.0,0.0,0.0,0.0,0.03,0.04,0.07,0.03,0.07
Saba Sazonov,DF,2002.0,9.0,2.0,329.0,3.7,0.0,0.0,0.0,0.0,0.0,0.0,1.0,0.0,0.2,0.2,0.0,0.2,0.0,8.0,0.0,0.0,0.0,0.0,0.0,0.0,0.04,0.01,0.06,0.04,0.06
Giorgio Scalvini,DF,2003.0,23.0,22.0,1872.0,20.8,0.0,3.0,3.0,0.0,0.0,0.0,2.0,0.0,1.2,1.2,1.0,2.2,21.0,80.0,16.0,0.0,0.14,0.14,0.0,0.14,0.06,0.05,0.1,0.06,0.1
Gianluca Scamacca,FW,1999.0,19.0,9.0,892.0,9.9,6.0,3.0,9.0,6.0,0.0,0.0,1.0,0.0,4.4,4.4,1.0,5.4,15.0,20.0,98.0,0.61,0.3,0.91,0.61,0.91,0.45,0.1,0.55,0.45,0.55
Perr Schuurs,DF,1999.0,9.0,9.0,770.0,8.6,1.0,0.0,1.0,1.0,0.0,0.0,2.0,0.0,0.7,0.7,0.0,0.7,9.0,19.0,4.0,0.12,0.0,0.12,0.12,0.12,0.08,0.0,0.08,0.08,0.08
Simone Scuffet,GK,1996.0,19.0,19.0,1710.0,19.0,0.0,0.0,0.0,0.0,0.0,0.0,1.0,0.0,0.0,0.0,0.0,0.0,0.0,1.0,0.0,0.0,0.0,0.0,0.0,0.0,0.0,0.0,0.0,0.0,0.0
Demba Seck,MF,2001.0,9.0,5.0,425.0,4.7,0.0,0.0,0.0,0.0,0.0,0.0,1.0,0.0,0.3,0.3,0.1,0.5,23.0,12.0,25.0,0.0,0.0,0.0,0.0,0.0,0.07,0.03,0.1,0.07,0.1
Demba Seck,FW,2001.0,5.0,3.0,197.0,2.2,0.0,0.0,0.0,0.0,0.0,0.0,0.0,0.0,0.2,0.2,0.0,0.2,4.0,5.0,8.0,0.0,0.0,0.0,0.0,0.0,0.11,0.0,0.11,0.11,0.11
Vivaldo Semedo,FW,2005.0,1.0,0.0,12.0,0.1,0.0,0.0,0.0,0.0,0.0,0.0,0.0,0.0,0.0,0.0,0.0,0.0,1.0,0.0,0.0,0.0,0.0,0.0,0.0,0.0,0.0,0.0,0.0,0.0,0.0
Stefano Sensi,MF,1995.0,3.0,0.0,30.0,0.3,0.0,0.0,0.0,0.0,0.0,0.0,0.0,0.0,0.1,0.1,0.1,0.2,3.0,3.0,4.0,0.0,0.0,0.0,0.0,0.0,0.25,0.29,0.54,0.25,0.54
Suat Serdar,MF,1997.0,14.0,8.0,749.0,8.3,0.0,1.0,1.0,0.0,0.0,0.0,2.0,0.0,0.3,0.3,0.3,0.6,8.0,19.0,17.0,0.0,0.12,0.12,0.0,0.12,0.04,0.04,0.07,0.04,0.07
Stephan El Shaarawy,"FW,DF",1992.0,22.0,12.0,1133.0,12.6,3.0,3.0,6.0,3.0,0.0,0.0,1.0,0.0,1.7,1.7,1.5,3.2,36.0,29.0,80.0,0.24,0.24,0.48,0.24,0.48,0.14,0.12,0.26,0.14,0.26
Eldor Shomurodov,"FW,MF",1995.0,11.0,2.0,319.0,3.5,0.0,2.0,2.0,0.0,0.0,0.0,0.0,0.0,0.2,0.2,1.0,1.2,6.0,10.0,22.0,0.0,0.56,0.56,0.0,0.56,0.06,0.28,0.34,0.06,0.34
Steven Shpendi,"FW,MF",2003.0,11.0,4.0,397.0,4.4,0.0,1.0,1.0,0.0,0.0,0.0,0.0,0.0,0.4,0.4,0.5,0.9,3.0,6.0,31.0,0.0,0.23,0.23,0.0,0.23,0.09,0.1,0.19,0.09,0.19
Marco Silvestri,GK,1991.0,17.0,17.0,1530.0,17.0,0.0,0.0,0.0,0.0,0.0,0.0,0.0,0.0,0.0,0.0,0.0,0.0,0.0,0.0,0.0,0.0,0.0,0.0,0.0,0.0,0.0,0.0,0.0,0.0,0.0
Giovanni Simeone,FW,1995.0,19.0,6.0,611.0,6.8,1.0,0.0,1.0,1.0,0.0,0.0,3.0,0.0,3.0,3.0,0.4,3.4,7.0,8.0,55.0,0.15,0.0,0.15,0.15,0.15,0.45,0.05,0.5,0.45,0.5
Jan-Carlo Simic,DF,2005.0,4.0,0.0,146.0,1.6,1.0,0.0,1.0,1.0,0.0,0.0,0.0,0.0,0.6,0.6,0.0,0.6,0.0,6.0,0.0,0.62,0.0,0.62,0.62,0.62,0.38,0.0,0.38,0.38,0.38
Leo Skiri Østigård,DF,1999.0,16.0,11.0,966.0,10.7,1.0,0.0,1.0,1.0,0.0,0.0,3.0,0.0,0.4,0.4,0.1,0.5,9.0,37.0,2.0,0.09,0.0,0.09,0.09,0.09,0.04,0.01,0.05,0.04,0.05
Łukasz Skorupski,GK,1991.0,23.0,23.0,2070.0,23.0,0.0,0.0,0.0,0.0,0.0,0.0,2.0,0.0,0.0,0.0,0.0,0.0,0.0,1.0,0.0,0.0,0.0,0.0,0.0,0.0,0.0,0.0,0.0,0.0,0.0
Chris Smalling,DF,1989.0,5.0,4.0,330.0,3.7,0.0,0.0,0.0,0.0,0.0,0.0,0.0,0.0,0.0,0.0,0.4,0.4,1.0,12.0,1.0,0.0,0.0,0.0,0.0,0.0,0.01,0.1,0.11,0.01,0.11
Andrea Sodero,MF,2004.0,1.0,0.0,5.0,0.1,0.0,0.0,0.0,0.0,0.0,0.0,0.0,0.0,0.0,0.0,0.0,0.0,0.0,0.0,1.0,0.0,0.0,0.0,0.0,0.0,0.0,0.0,0.0,0.0,0.0
Ola Solbakken,FW,1998.0,1.0,0.0,23.0,0.3,0.0,0.0,0.0,0.0,0.0,0.0,0.0,0.0,0.0,0.0,0.0,0.0,1.0,0.0,4.0,0.0,0.0,0.0,0.0,0.0,0.0,0.0,0.0,0.0,0.0
Player,Pos,,,,,,,,,,,,,,,,,,,,,,,,,,,,,,
Yann Sommer,GK,1988.0,24.0,24.0,2160.0,24.0,0.0,0.0,0.0,0.0,0.0,0.0,1.0,0.0,0.0,0.0,0.0,0.0,0.0,0.0,0.0,0.0,0.0,0.0,0.0,0.0,0.0,0.0,0.0,0.0,0.0
Brandon Soppy,DF,2002.0,5.0,2.0,178.0,2.0,0.0,0.0,0.0,0.0,0.0,0.0,0.0,0.0,0.0,0.0,0.1,0.1,9.0,6.0,3.0,0.0,0.0,0.0,0.0,0.0,0.0,0.04,0.04,0.0,0.04
Alessandro Sorrentino,GK,2002.0,5.0,3.0,368.0,4.1,0.0,0.0,0.0,0.0,0.0,0.0,0.0,0.0,0.0,0.0,0.0,0.0,0.0,0.0,0.0,0.0,0.0,0.0,0.0,0.0,0.0,0.0,0.0,0.0,0.0
Riccardo Sottil,FW,1999.0,15.0,8.0,685.0,7.6,1.0,1.0,2.0,1.0,0.0,0.0,0.0,0.0,1.6,1.6,0.8,2.4,43.0,17.0,91.0,0.13,0.13,0.26,0.13,0.26,0.21,0.1,0.31,0.21,0.31
Matìas Soulé,"FW,MF",2003.0,24.0,24.0,2087.0,23.2,10.0,2.0,12.0,6.0,4.0,4.0,3.0,0.0,7.8,4.6,4.3,9.0,79.0,139.0,149.0,0.43,0.09,0.52,0.26,0.34,0.34,0.19,0.52,0.2,0.39
Djed Spence,"DF,MF",2000.0,4.0,3.0,238.0,2.6,0.0,0.0,0.0,0.0,0.0,0.0,0.0,0.0,0.1,0.1,0.0,0.1,7.0,6.0,8.0,0.0,0.0,0.0,0.0,0.0,0.05,0.0,0.05,0.05,0.05
Leonardo Spinazzola,DF,1993.0,18.0,13.0,1096.0,12.2,1.0,2.0,3.0,1.0,0.0,0.0,0.0,0.0,0.2,0.2,2.8,3.0,90.0,39.0,59.0,0.08,0.16,0.25,0.08,0.25,0.02,0.23,0.25,0.02,0.25
Marco Sportiello,GK,1992.0,2.0,2.0,180.0,2.0,0.0,0.0,0.0,0.0,0.0,0.0,0.0,0.0,0.0,0.0,0.0,0.0,0.0,0.0,0.0,0.0,0.0,0.0,0.0,0.0,0.0,0.0,0.0,0.0,0.0
Trivante Stewart,"FW,MF",2000.0,4.0,0.0,100.0,1.1,0.0,0.0,0.0,0.0,0.0,0.0,0.0,0.0,0.1,0.1,0.1,0.1,2.0,0.0,6.0,0.0,0.0,0.0,0.0,0.0,0.06,0.05,0.12,0.06,0.12
Gabriel Strefezza,FW,1997.0,19.0,13.0,1112.0,12.4,1.0,0.0,1.0,0.0,1.0,1.0,4.0,0.0,2.5,1.7,1.2,2.8,34.0,54.0,81.0,0.08,0.0,0.08,0.0,0.0,0.2,0.09,0.29,0.14,0.23
Kevin Strootman,MF,1990.0,17.0,12.0,862.0,9.6,0.0,2.0,2.0,0.0,0.0,0.0,3.0,0.0,0.1,0.1,1.2,1.3,9.0,43.0,14.0,0.0,0.21,0.21,0.0,0.21,0.01,0.13,0.14,0.01,0.14
Isaac Success,FW,1996.0,21.0,7.0,752.0,8.4,0.0,1.0,1.0,0.0,0.0,1.0,4.0,0.0,2.4,1.6,1.0,2.6,14.0,13.0,46.0,0.0,0.12,0.12,0.0,0.12,0.29,0.12,0.41,0.19,0.31
Ibrahim Sulemana,MF,2003.0,13.0,11.0,858.0,9.5,1.0,0.0,1.0,1.0,0.0,0.0,3.0,0.0,0.4,0.4,0.1,0.5,10.0,20.0,11.0,0.1,0.0,0.1,0.1,0.1,0.04,0.01,0.05,0.04,0.05
Tomáš Suslov,"MF,FW",2002.0,20.0,16.0,1420.0,15.8,1.0,3.0,4.0,0.0,1.0,1.0,5.0,0.0,2.3,1.3,2.0,3.4,32.0,45.0,52.0,0.06,0.19,0.25,0.0,0.19,0.14,0.13,0.27,0.08,0.21
Mile Svilar,GK,1999.0,3.0,3.0,270.0,3.0,0.0,0.0,0.0,0.0,0.0,0.0,0.0,0.0,0.0,0.0,0.0,0.0,0.0,0.0,0.0,0.0,0.0,0.0,0.0,0.0,0.0,0.01,0.01,0.0,0.01
Karol Świderski,"FW,MF",1997.0,4.0,2.0,170.0,1.9,0.0,0.0,0.0,0.0,0.0,0.0,0.0,0.0,0.1,0.1,0.2,0.3,0.0,4.0,3.0,0.0,0.0,0.0,0.0,0.0,0.06,0.08,0.14,0.06,0.14
Wojciech Szczęsny,GK,1990.0,24.0,24.0,2160.0,24.0,0.0,0.0,0.0,0.0,0.0,0.0,0.0,0.0,0.0,0.0,0.0,0.0,0.0,0.0,0.0,0.0,0.0,0.0,0.0,0.0,0.0,0.0,0.0,0.0,0.0
Przemysław Szymiński,MF,1994.0,1.0,0.0,9.0,0.1,0.0,0.0,0.0,0.0,0.0,0.0,0.0,0.0,0.0,0.0,0.0,0.0,0.0,0.0,0.0,0.0,0.0,0.0,0.0,0.0,0.0,0.0,0.0,0.0,0.0
Adrien Tameze,"DF,MF",1994.0,21.0,17.0,1495.0,16.6,0.0,2.0,2.0,0.0,0.0,0.0,5.0,0.0,0.2,0.2,1.2,1.4,16.0,69.0,26.0,0.0,0.12,0.12,0.0,0.12,0.01,0.07,0.08,0.01,0.08
Elayis Tavsan,"MF,FW",2001.0,2.0,0.0,33.0,0.4,0.0,0.0,0.0,0.0,0.0,0.0,0.0,0.0,0.0,0.0,0.0,0.0,1.0,1.0,0.0,0.0,0.0,0.0,0.0,0.0,0.0,0.0,0.0,0.0,0.0
Loum Tchaouna,"FW,MF",2003.0,21.0,11.0,1058.0,11.8,1.0,3.0,4.0,1.0,0.0,0.0,2.0,0.0,0.8,0.8,0.8,1.5,39.0,25.0,61.0,0.09,0.26,0.34,0.09,0.34,0.06,0.07,0.13,0.06,0.13
Jackson Tchatchoua,DF,2001.0,18.0,13.0,1203.0,13.4,0.0,2.0,2.0,0.0,0.0,0.0,1.0,0.0,0.0,0.0,1.2,1.2,26.0,48.0,55.0,0.0,0.15,0.15,0.0,0.15,0.0,0.09,0.09,0.0,0.09
Filippo Terracciano,DF,2003.0,18.0,14.0,1296.0,14.4,0.0,1.0,1.0,0.0,0.0,0.0,1.0,0.0,0.3,0.3,1.0,1.3,26.0,51.0,28.0,0.0,0.07,0.07,0.0,0.07,0.02,0.07,0.09,0.02,0.09
Filippo Terracciano,FW,2003.0,1.0,0.0,4.0,0.0,0.0,0.0,0.0,0.0,0.0,0.0,1.0,0.0,0.0,0.0,0.0,0.0,0.0,0.0,0.0,0.0,0.0,0.0,0.0,0.0,0.0,0.0,0.0,0.0,0.0
Pietro Terracciano,GK,1990.0,24.0,24.0,2160.0,24.0,0.0,0.0,0.0,0.0,0.0,0.0,3.0,0.0,0.0,0.0,0.2,0.2,0.0,0.0,0.0,0.0,0.0,0.0,0.0,0.0,0.0,0.01,0.01,0.0,0.01
Player,Pos,,,,,,,,,,,,,,,,,,,,,,,,,,,,,,
Florian Thauvin,FW,1993.0,24.0,14.0,1262.0,14.0,4.0,1.0,5.0,3.0,1.0,1.0,4.0,0.0,3.8,3.0,2.8,5.8,53.0,49.0,77.0,0.29,0.07,0.36,0.21,0.29,0.27,0.2,0.47,0.21,0.41
Malick Thiaw,DF,2001.0,13.0,13.0,1104.0,12.3,0.0,1.0,1.0,0.0,0.0,0.0,3.0,1.0,0.3,0.3,0.1,0.4,13.0,48.0,0.0,0.0,0.08,0.08,0.0,0.08,0.03,0.01,0.03,0.03,0.03
Morten Thorsby,MF,1996.0,14.0,5.0,680.0,7.6,1.0,1.0,2.0,1.0,0.0,0.0,1.0,0.0,1.0,1.0,0.8,1.8,1.0,23.0,22.0,0.13,0.13,0.26,0.13,0.26,0.13,0.11,0.23,0.13,0.23
Kristian Thorstvedt,MF,1999.0,22.0,18.0,1516.0,16.8,4.0,0.0,4.0,4.0,0.0,0.0,4.0,0.0,3.2,3.2,1.1,4.3,23.0,88.0,61.0,0.24,0.0,0.24,0.24,0.24,0.19,0.06,0.26,0.19,0.26
Marcus Thuram,FW,1997.0,24.0,24.0,1824.0,20.3,10.0,7.0,17.0,10.0,0.0,0.0,3.0,0.0,11.8,11.8,1.8,13.6,48.0,33.0,134.0,0.49,0.35,0.84,0.49,0.84,0.58,0.09,0.67,0.58,0.67
Antonio Tikvić,DF,2004.0,1.0,0.0,1.0,0.0,0.0,0.0,0.0,0.0,0.0,0.0,0.0,0.0,0.0,0.0,0.0,0.0,0.0,0.0,0.0,0.0,0.0,0.0,0.0,0.0,0.0,0.0,0.0,0.0,0.0
Jeremy Toljan,DF,1994.0,18.0,18.0,1614.0,17.9,0.0,5.0,5.0,0.0,0.0,0.0,1.0,0.0,0.4,0.4,1.4,1.8,34.0,60.0,64.0,0.0,0.28,0.28,0.0,0.28,0.02,0.08,0.1,0.02,0.1
Rafael Tolói,DF,1990.0,10.0,4.0,448.0,5.0,0.0,0.0,0.0,0.0,0.0,0.0,4.0,1.0,0.0,0.0,0.0,0.1,5.0,19.0,2.0,0.0,0.0,0.0,0.0,0.0,0.0,0.01,0.01,0.0,0.01
Fikayo Tomori,DF,1997.0,16.0,16.0,1384.0,15.4,3.0,0.0,3.0,3.0,0.0,0.0,4.0,1.0,2.3,2.3,0.0,2.3,13.0,52.0,1.0,0.2,0.0,0.2,0.2,0.2,0.15,0.0,0.15,0.15,0.15
Ahmed Touba,DF,1998.0,6.0,3.0,277.0,3.1,0.0,0.0,0.0,0.0,0.0,0.0,1.0,0.0,0.0,0.0,0.0,0.0,0.0,2.0,1.0,0.0,0.0,0.0,0.0,0.0,0.01,0.0,0.01,0.01,0.01
Chaka Traorè,FW,2004.0,2.0,0.0,20.0,0.2,1.0,0.0,1.0,1.0,0.0,0.0,0.0,0.0,0.1,0.1,0.0,0.1,2.0,0.0,2.0,4.5,0.0,4.5,4.5,4.5,0.35,0.0,0.35,0.35,0.35
Stefano Turati,GK,2001.0,24.0,24.0,2160.0,24.0,0.0,0.0,0.0,0.0,0.0,0.0,0.0,0.0,0.0,0.0,0.0,0.0,0.0,0.0,0.0,0.0,0.0,0.0,0.0,0.0,0.0,0.0,0.0,0.0,0.0
Kacper Urbanski,"FW,MF",2004.0,13.0,5.0,475.0,5.3,0.0,0.0,0.0,0.0,0.0,0.0,2.0,0.0,0.5,0.5,0.3,0.7,15.0,11.0,54.0,0.0,0.0,0.0,0.0,0.0,0.09,0.05,0.13,0.09,0.13
Emanuele Valeri,DF,1998.0,4.0,3.0,284.0,3.2,0.0,0.0,0.0,0.0,0.0,0.0,1.0,0.0,0.0,0.0,0.2,0.3,11.0,7.0,19.0,0.0,0.0,0.0,0.0,0.0,0.01,0.08,0.09,0.01,0.09
Johan Vásquez,DF,1998.0,26.0,21.0,1878.0,20.9,0.0,0.0,0.0,0.0,0.0,0.0,4.0,0.0,1.3,1.3,0.5,1.8,17.0,49.0,43.0,0.0,0.0,0.0,0.0,0.0,0.06,0.03,0.09,0.06,0.09
Matías Vecino,MF,1991.0,19.0,1.0,503.0,5.6,3.0,1.0,4.0,3.0,0.0,0.0,5.0,0.0,1.7,1.7,0.1,1.8,5.0,30.0,21.0,0.54,0.18,0.72,0.54,0.72,0.3,0.02,0.32,0.3,0.32
Lorenzo Venuti,DF,1995.0,7.0,2.0,204.0,2.3,0.0,0.0,0.0,0.0,0.0,0.0,1.0,0.0,0.0,0.0,0.1,0.1,1.0,7.0,5.0,0.0,0.0,0.0,0.0,0.0,0.01,0.04,0.05,0.01,0.05
Simone Verdi,FW,1992.0,1.0,0.0,4.0,0.0,0.0,0.0,0.0,0.0,0.0,0.0,0.0,0.0,0.0,0.0,0.1,0.1,0.0,0.0,0.0,0.0,0.0,0.0,0.0,0.0,0.0,1.5,1.5,0.0,1.5
Emanuel Vignato,MF,2000.0,1.0,0.0,4.0,0.0,0.0,0.0,0.0,0.0,0.0,0.0,0.0,0.0,0.0,0.0,0.0,0.0,0.0,0.0,0.0,0.0,0.0,0.0,0.0,0.0,0.0,0.0,0.0,0.0,0.0
Samuele Vignato,"MF,FW",2004.0,10.0,3.0,343.0,3.8,1.0,0.0,1.0,1.0,0.0,0.0,2.0,0.0,1.7,1.7,0.2,1.8,13.0,13.0,20.0,0.26,0.0,0.26,0.26,0.26,0.44,0.04,0.48,0.44,0.48
Matías Viña,DF,1997.0,15.0,13.0,1014.0,11.3,0.0,3.0,3.0,0.0,0.0,0.0,1.0,0.0,0.3,0.3,1.4,1.7,24.0,46.0,37.0,0.0,0.27,0.27,0.0,0.27,0.03,0.12,0.15,0.03,0.15
Rúben Vinagre,"FW,MF",1999.0,4.0,0.0,75.0,0.8,0.0,0.0,0.0,0.0,0.0,0.0,0.0,0.0,0.0,0.0,0.1,0.1,2.0,1.0,5.0,0.0,0.0,0.0,0.0,0.0,0.0,0.08,0.08,0.0,0.08
Nicolas Viola,"MF,FW",1989.0,18.0,10.0,983.0,10.9,3.0,2.0,5.0,3.0,0.0,1.0,3.0,0.0,2.5,1.7,3.0,4.7,19.0,44.0,56.0,0.27,0.18,0.46,0.27,0.46,0.23,0.27,0.5,0.16,0.43
Mattia Viti,DF,2002.0,9.0,7.0,623.0,6.9,0.0,0.0,0.0,0.0,0.0,0.0,0.0,0.0,0.1,0.1,0.0,0.1,1.0,25.0,8.0,0.0,0.0,0.0,0.0,0.0,0.01,0.0,0.02,0.01,0.02
Vitinha,"FW,DF",2000.0,3.0,0.0,23.0,0.3,0.0,0.0,0.0,0.0,0.0,0.0,1.0,0.0,0.1,0.1,0.0,0.1,0.0,2.0,2.0,0.0,0.0,0.0,0.0,0.0,0.4,0.0,0.4,0.4,0.4
Player,Pos,,,,,,,,,,,,,,,,,,,,,,,,,,,,,,
Dušan Vlahović,FW,2000.0,23.0,18.0,1584.0,17.6,15.0,4.0,19.0,13.0,2.0,4.0,4.0,0.0,12.4,9.1,1.5,10.6,23.0,33.0,115.0,0.85,0.23,1.08,0.74,0.97,0.7,0.09,0.79,0.52,0.6
Nikola Vlašić,"MF,FW",1997.0,24.0,21.0,1861.0,20.7,2.0,2.0,4.0,2.0,0.0,0.0,3.0,0.0,1.6,1.6,2.5,4.1,45.0,105.0,128.0,0.1,0.1,0.19,0.1,0.19,0.08,0.12,0.2,0.08,0.2
Alessandro Vogliacco,DF,1998.0,12.0,6.0,566.0,6.3,0.0,0.0,0.0,0.0,0.0,0.0,3.0,0.0,0.0,0.0,0.1,0.2,5.0,22.0,7.0,0.0,0.0,0.0,0.0,0.0,0.01,0.02,0.02,0.01,0.02
Mërgim Vojvoda,DF,1995.0,18.0,8.0,792.0,8.8,0.0,1.0,1.0,0.0,0.0,0.0,1.0,0.0,0.3,0.3,0.6,0.9,20.0,62.0,52.0,0.0,0.11,0.11,0.0,0.11,0.03,0.07,0.1,0.03,0.1
Cristian Volpato,"MF,FW",2003.0,13.0,2.0,350.0,3.9,1.0,0.0,1.0,1.0,0.0,0.0,0.0,0.0,0.3,0.3,1.2,1.6,21.0,30.0,33.0,0.26,0.0,0.26,0.26,0.26,0.09,0.32,0.4,0.09,0.4
Stefan de Vrij,DF,1992.0,19.0,12.0,1133.0,12.6,1.0,0.0,1.0,1.0,0.0,0.0,0.0,0.0,0.6,0.6,0.2,0.8,2.0,22.0,1.0,0.08,0.0,0.08,0.08,0.08,0.04,0.02,0.06,0.04,0.06
Walace,MF,1995.0,26.0,26.0,2253.0,25.0,2.0,0.0,2.0,2.0,0.0,0.0,4.0,0.0,0.7,0.7,1.0,1.7,29.0,87.0,15.0,0.08,0.0,0.08,0.08,0.08,0.03,0.04,0.07,0.03,0.07
Sebastian Walukiewicz,DF,2000.0,17.0,15.0,1333.0,14.8,0.0,0.0,0.0,0.0,0.0,0.0,5.0,0.0,0.1,0.1,0.1,0.2,11.0,33.0,2.0,0.0,0.0,0.0,0.0,0.0,0.01,0.01,0.02,0.01,0.02
Timothy Weah,"DF,FW",2000.0,21.0,8.0,852.0,9.5,0.0,1.0,1.0,0.0,0.0,0.0,2.0,0.0,1.5,1.5,1.1,2.6,23.0,30.0,57.0,0.0,0.11,0.11,0.0,0.11,0.16,0.12,0.28,0.16,0.28
Shon Weissman,"FW,DF",1996.0,3.0,1.0,137.0,1.5,1.0,0.0,1.0,1.0,0.0,0.0,0.0,0.0,0.8,0.8,0.1,0.9,0.0,0.0,5.0,0.66,0.0,0.66,0.66,0.66,0.54,0.05,0.59,0.54,0.59
Mateusz Wieteska,DF,1997.0,10.0,8.0,697.0,7.7,0.0,1.0,1.0,0.0,0.0,0.0,5.0,1.0,0.2,0.2,0.6,0.8,8.0,21.0,1.0,0.0,0.13,0.13,0.0,0.13,0.03,0.07,0.1,0.03,0.1
Kenan Yıldız,"FW,DF",2005.0,16.0,7.0,561.0,6.2,1.0,0.0,1.0,1.0,0.0,0.0,1.0,0.0,1.1,1.1,0.4,1.5,19.0,26.0,39.0,0.16,0.0,0.16,0.16,0.16,0.17,0.06,0.23,0.17,0.23
Mattia Zaccagni,FW,1995.0,19.0,16.0,1336.0,14.8,3.0,0.0,3.0,3.0,0.0,0.0,5.0,0.0,3.1,3.1,1.4,4.5,65.0,38.0,147.0,0.2,0.0,0.2,0.2,0.2,0.21,0.09,0.3,0.21,0.3
Nicola Zalewski,"DF,FW",2002.0,17.0,7.0,693.0,7.7,0.0,1.0,1.0,0.0,0.0,0.0,3.0,1.0,0.4,0.4,1.2,1.6,37.0,25.0,36.0,0.0,0.13,0.13,0.0,0.13,0.05,0.15,0.2,0.05,0.2
Andre-Frank Zambo Anguissa,MF,1995.0,21.0,19.0,1650.0,18.3,0.0,0.0,0.0,0.0,0.0,0.0,1.0,0.0,1.9,1.9,1.3,3.2,25.0,96.0,74.0,0.0,0.0,0.0,0.0,0.0,0.1,0.07,0.17,0.1,0.17
Alessandro Zanoli,DF,2000.0,6.0,4.0,335.0,3.7,0.0,0.0,0.0,0.0,0.0,0.0,1.0,0.0,0.0,0.0,0.4,0.4,8.0,8.0,19.0,0.0,0.0,0.0,0.0,0.0,0.01,0.1,0.12,0.01,0.12
Alessandro Zanoli,"DF,FW",2000.0,4.0,0.0,52.0,0.6,0.0,0.0,0.0,0.0,0.0,0.0,1.0,0.0,0.0,0.0,0.0,0.0,2.0,4.0,3.0,0.0,0.0,0.0,0.0,0.0,0.0,0.0,0.0,0.0,0.0
Duván Zapata,FW,1991.0,23.0,22.0,1876.0,20.8,8.0,3.0,11.0,8.0,0.0,0.0,0.0,0.0,7.0,7.0,2.4,9.3,53.0,35.0,169.0,0.38,0.14,0.53,0.38,0.53,0.33,0.11,0.45,0.33,0.45
Duván Zapata,FW,1991.0,2.0,2.0,112.0,1.2,1.0,0.0,1.0,1.0,0.0,0.0,0.0,0.0,0.4,0.4,0.1,0.5,3.0,3.0,13.0,0.8,0.0,0.8,0.8,0.8,0.33,0.1,0.44,0.33,0.44
Gabriele Zappa,DF,1999.0,26.0,18.0,1835.0,20.4,1.0,1.0,2.0,1.0,0.0,0.0,2.0,0.0,1.3,1.3,1.3,2.6,25.0,73.0,60.0,0.05,0.05,0.1,0.05,0.1,0.06,0.06,0.13,0.06,0.13
Davide Zappacosta,"DF,MF",1992.0,21.0,14.0,1178.0,13.1,2.0,1.0,3.0,2.0,0.0,0.0,4.0,0.0,2.0,2.0,1.2,3.1,49.0,46.0,90.0,0.15,0.08,0.23,0.15,0.23,0.15,0.09,0.24,0.15,0.24
Oier Zarraga,"MF,DF",1999.0,8.0,1.0,113.0,1.3,1.0,0.0,1.0,1.0,0.0,0.0,0.0,0.0,0.4,0.4,0.0,0.5,3.0,4.0,5.0,0.8,0.0,0.8,0.8,0.8,0.32,0.04,0.36,0.32,0.36
Jordan Zemura,DF,1999.0,19.0,10.0,919.0,10.2,1.0,0.0,1.0,1.0,0.0,0.0,1.0,0.0,0.8,0.8,0.3,1.1,22.0,26.0,45.0,0.1,0.0,0.1,0.1,0.1,0.08,0.03,0.1,0.08,0.1
Alessio Zerbin,"DF,MF",1999.0,3.0,1.0,117.0,1.3,0.0,0.0,0.0,0.0,0.0,0.0,0.0,0.0,0.0,0.0,0.1,0.1,3.0,3.0,11.0,0.0,0.0,0.0,0.0,0.0,0.0,0.08,0.08,0.0,0.08
Alessio Zerbin,"FW,DF",1999.0,7.0,1.0,150.0,1.7,0.0,0.0,0.0,0.0,0.0,0.0,0.0,0.0,0.2,0.2,0.6,0.9,6.0,3.0,18.0,0.0,0.0,0.0,0.0,0.0,0.15,0.37,0.52,0.15,0.52
Player,Pos,,,,,,,,,,,,,,,,,,,,,,,,,,,,,,
Kevin Zeroli,MF,2005.0,2.0,0.0,19.0,0.2,0.0,0.0,0.0,0.0,0.0,0.0,0.0,0.0,0.0,0.0,0.0,0.0,0.0,1.0,2.0,0.0,0.0,0.0,0.0,0.0,0.0,0.0,0.0,0.0,0.0
Piotr Zieliński,MF,1994.0,21.0,19.0,1538.0,17.1,2.0,2.0,4.0,1.0,1.0,1.0,1.0,0.0,1.9,1.2,3.1,4.3,30.0,108.0,67.0,0.12,0.12,0.23,0.06,0.18,0.11,0.18,0.3,0.07,0.25
David Zima,DF,2000.0,5.0,0.0,91.0,1.0,0.0,0.0,0.0,0.0,0.0,0.0,0.0,0.0,0.0,0.0,0.0,0.0,1.0,1.0,0.0,0.0,0.0,0.0,0.0,0.0,0.0,0.0,0.0,0.0,0.0
Joshua Zirkzee,FW,2001.0,25.0,24.0,2096.0,23.3,9.0,3.0,12.0,8.0,1.0,1.0,5.0,0.0,7.3,6.5,3.4,9.9,35.0,62.0,138.0,0.39,0.13,0.52,0.34,0.47,0.31,0.15,0.46,0.28,0.43
Nadir Zortea,DF,1999.0,2.0,2.0,180.0,2.0,0.0,2.0,2.0,0.0,0.0,0.0,1.0,0.0,0.0,0.0,1.1,1.2,5.0,3.0,7.0,0.0,1.0,1.0,0.0,1.0,0.0,0.57,0.58,0.0,0.58
Nadir Zortea,DF,1999.0,5.0,0.0,149.0,1.7,1.0,0.0,1.0,1.0,0.0,0.0,1.0,0.0,0.1,0.1,0.3,0.4,7.0,10.0,22.0,0.6,0.0,0.6,0.6,0.6,0.05,0.16,0.21,0.05,0.21
Szymon Żurkowski,MF,1997.0,6.0,5.0,451.0,5.0,4.0,0.0,4.0,4.0,0.0,0.0,2.0,0.0,0.7,0.7,0.1,0.8,15.0,15.0,22.0,0.8,0.0,0.8,0.8,0.8,0.14,0.02,0.16,0.14,0.16
Milan Đurić,FW,1990.0,20.0,13.0,1204.0,13.4,5.0,1.0,6.0,4.0,1.0,3.0,2.0,0.0,4.5,2.2,1.2,3.4,3.0,15.0,33.0,0.37,0.07,0.45,0.3,0.37,0.34,0.09,0.43,0.16,0.25
Milan Đurić,FW,1990.0,5.0,3.0,307.0,3.4,0.0,1.0,1.0,0.0,0.0,0.0,1.0,0.0,0.5,0.5,0.6,1.1,1.0,2.0,10.0,0.0,0.29,0.29,0.0,0.29,0.15,0.17,0.33,0.15,0.33
Mateusz Łęgowski,MF,2003.0,22.0,9.0,923.0,10.3,0.0,0.0,0.0,0.0,0.0,0.0,3.0,0.0,0.2,0.2,0.2,0.4,14.0,33.0,13.0,0.0,0.0,0.0,0.0,0.0,0.02,0.02,0.04,0.02,0.04
